suite,task,episode,annotator,convention,status,path,n_frames,fps,n_seg,pattern,source_archive,orig_filename,sha256
libero_10,pick_up_the_book_and_place_it_in_the_back_compartment_of_the_caddy,41db5f8ae6c7731015366f41bb1c38ff,Human1,absorb,ok,annotations/libero_10/pick_up_the_book_and_place_it_in_the_back_compartment_of_the_caddy/41db5f8ae6c7731015366f41bb1c38ff/41db5f8ae6c7731015366f41bb1c38ff_subtask_Human1.json,169,10.0,2,Grasp|Place,libero_object_10_Human3 folder,41db5f8ae6c7731015366f41bb1c38ff_subtask_Human1.json,452821e71959b68db422677e3b78c04c03c8f05fb9a911b8771d9b9721d8dfba
libero_10,pick_up_the_book_and_place_it_in_the_back_compartment_of_the_caddy,41db5f8ae6c7731015366f41bb1c38ff,Human2,absorb,ok,annotations/libero_10/pick_up_the_book_and_place_it_in_the_back_compartment_of_the_caddy/41db5f8ae6c7731015366f41bb1c38ff/41db5f8ae6c7731015366f41bb1c38ff_subtask_Human2.json,169,10.0,3,Reach|Move|Insert,l24_human2_0912.tar.gz,41db5f8ae6c7731015366f41bb1c38ff_subtask_Human2.json,15722dcc685d5decdbe87d5abaa78df6629292808345f3375e64606a1d3ff542
libero_10,pick_up_the_book_and_place_it_in_the_back_compartment_of_the_caddy,41db5f8ae6c7731015366f41bb1c38ff,Human3,absorb,ok,annotations/libero_10/pick_up_the_book_and_place_it_in_the_back_compartment_of_the_caddy/41db5f8ae6c7731015366f41bb1c38ff/41db5f8ae6c7731015366f41bb1c38ff_subtask_Human3.json,169,10.0,2,Pick|Put,l24_human3_0912.tar.gz,41db5f8ae6c7731015366f41bb1c38ff_subtask_Human3.json,408cde078861ce564777a6d7d425f298def9d264a962a21936c4b87cedec7893
libero_10,pick_up_the_book_and_place_it_in_the_back_compartment_of_the_caddy,8e09a9c67693e64100e61a5302bdbcdc,Human1,absorb,ok,annotations/libero_10/pick_up_the_book_and_place_it_in_the_back_compartment_of_the_caddy/8e09a9c67693e64100e61a5302bdbcdc/8e09a9c67693e64100e61a5302bdbcdc_subtask_Human1.json,211,10.0,2,Grasp|Place,libero_object_10_Human3 folder,8e09a9c67693e64100e61a5302bdbcdc_subtask_Human1.json,e9bda48ec108b8c402c2f8e71da55f9c66f58c21d8c5373216ee3c172694ff59
libero_10,pick_up_the_book_and_place_it_in_the_back_compartment_of_the_caddy,8e09a9c67693e64100e61a5302bdbcdc,Human2,absorb,ok,annotations/libero_10/pick_up_the_book_and_place_it_in_the_back_compartment_of_the_caddy/8e09a9c67693e64100e61a5302bdbcdc/8e09a9c67693e64100e61a5302bdbcdc_subtask_Human2.json,211,10.0,3,Grasp|Move|Insert,l24_human2_0912.tar.gz,8e09a9c67693e64100e61a5302bdbcdc_subtask_Human2.json,1de80281ad6bd27cbb5edb42e64713b4cf906a8344a462df09609b576abcd755
libero_10,pick_up_the_book_and_place_it_in_the_back_compartment_of_the_caddy,8e09a9c67693e64100e61a5302bdbcdc,Human3,absorb,ok,annotations/libero_10/pick_up_the_book_and_place_it_in_the_back_compartment_of_the_caddy/8e09a9c67693e64100e61a5302bdbcdc/8e09a9c67693e64100e61a5302bdbcdc_subtask_Human3.json,211,10.0,2,Pick|Put,l24_human3_0912.tar.gz,8e09a9c67693e64100e61a5302bdbcdc_subtask_Human3.json,6b1ded4242216f974dd20b4aba9026c6f012a17eadb5449dcf56b3b8d1ae6344
libero_10,pick_up_the_book_and_place_it_in_the_back_compartment_of_the_caddy,a04c83d25d12894e57583b99200a2676,Human1,absorb,ok,annotations/libero_10/pick_up_the_book_and_place_it_in_the_back_compartment_of_the_caddy/a04c83d25d12894e57583b99200a2676/a04c83d25d12894e57583b99200a2676_subtask_Human1.json,167,10.0,2,Grasp|Place,libero_object_10_Human3 folder,a04c83d25d12894e57583b99200a2676_subtask_Human1.json,1edd4ae7d24235a2739f8e9096e7c2fcc15c972b2ccca8b7a4e79ad1cf947c79
libero_10,pick_up_the_book_and_place_it_in_the_back_compartment_of_the_caddy,a04c83d25d12894e57583b99200a2676,Human2,absorb,ok,annotations/libero_10/pick_up_the_book_and_place_it_in_the_back_compartment_of_the_caddy/a04c83d25d12894e57583b99200a2676/a04c83d25d12894e57583b99200a2676_subtask_Human2.json,167,10.0,3,Grasp|Move|Align,l24_human2_0912.tar.gz,a04c83d25d12894e57583b99200a2676_subtask_Human2.json,398419717c5f2badaf2f4a681e308bfda9cb9d42a685ef55abd3410934804279
libero_10,pick_up_the_book_and_place_it_in_the_back_compartment_of_the_caddy,a04c83d25d12894e57583b99200a2676,Human3,absorb,ok,annotations/libero_10/pick_up_the_book_and_place_it_in_the_back_compartment_of_the_caddy/a04c83d25d12894e57583b99200a2676/a04c83d25d12894e57583b99200a2676_subtask_Human3.json,167,10.0,2,Pick|Put,l24_human3_0912.tar.gz,a04c83d25d12894e57583b99200a2676_subtask_Human3.json,f46d41c3a712e3581069e71a50f27041c44939128586d38c7bcd3c01e76325e3
libero_10,put_both_moka_pots_on_the_stove,5d7132c78a67ed929ecc59f056cab736,Human1,absorb,ok,annotations/libero_10/put_both_moka_pots_on_the_stove/5d7132c78a67ed929ecc59f056cab736/5d7132c78a67ed929ecc59f056cab736_subtask_Human1.json,421,10.0,5,Grasp|Place|Grasp|Place|Move,libero_object_10_Human3 folder,5d7132c78a67ed929ecc59f056cab736_subtask_Human1.json,0c2d4764207bfe7c2a8ebcba9f0e89ee5ffc3992674ae8c61d62c143cdf48aac
libero_10,put_both_moka_pots_on_the_stove,5d7132c78a67ed929ecc59f056cab736,Human2,absorb,ok,annotations/libero_10/put_both_moka_pots_on_the_stove/5d7132c78a67ed929ecc59f056cab736/5d7132c78a67ed929ecc59f056cab736_subtask_Human2.json,421,10.0,4,Reach|Place|Grasp|Place,l24_human2_0912.tar.gz,5d7132c78a67ed929ecc59f056cab736_subtask_Human2.json,4ea2aa76b252838aa584cc11f289180b49cfed8dff1f97c698ec51f72b591af9
libero_10,put_both_moka_pots_on_the_stove,5d7132c78a67ed929ecc59f056cab736,Human3,absorb,ok,annotations/libero_10/put_both_moka_pots_on_the_stove/5d7132c78a67ed929ecc59f056cab736/5d7132c78a67ed929ecc59f056cab736_subtask_Human3.json,421,10.0,4,Pick|Place|Pick|Place,l24_human3_0912.tar.gz,5d7132c78a67ed929ecc59f056cab736_subtask_Human3.json,f8386011b6419ee5039b230f3cb23016d900261afdf540f4aa3d48caa746cff6
libero_10,put_both_moka_pots_on_the_stove,a9505794aa85e2197370123986f5bd02,Human1,absorb,ok,annotations/libero_10/put_both_moka_pots_on_the_stove/a9505794aa85e2197370123986f5bd02/a9505794aa85e2197370123986f5bd02_subtask_Human1.json,505,10.0,5,Grasp|Place|Grasp|Place|Move,libero_object_10_Human3 folder,a9505794aa85e2197370123986f5bd02_subtask_Human1.json,a60f4933ec82f994d980114db8154c7d471424a65a5c9cdf913ff28a05d411e5
libero_10,put_both_moka_pots_on_the_stove,a9505794aa85e2197370123986f5bd02,Human2,absorb,ok,annotations/libero_10/put_both_moka_pots_on_the_stove/a9505794aa85e2197370123986f5bd02/a9505794aa85e2197370123986f5bd02_subtask_Human2.json,505,10.0,4,Reach|Place|Grasp|Place,l24_human2_0912.tar.gz,a9505794aa85e2197370123986f5bd02_subtask_Human2.json,b445c93e05001d8269ca06cbdc64acf47252d949637588c1534fe07c0fb352d6
libero_10,put_both_moka_pots_on_the_stove,a9505794aa85e2197370123986f5bd02,Human3,absorb,ok,annotations/libero_10/put_both_moka_pots_on_the_stove/a9505794aa85e2197370123986f5bd02/a9505794aa85e2197370123986f5bd02_subtask_Human3.json,505,10.0,4,Pick|Place|Pick|Place,l24_human3_0912.tar.gz,a9505794aa85e2197370123986f5bd02_subtask_Human3.json,c69bd3c9e8a9bd13059f8c1bdf2dc9214bdfb52ce3140e10873483e50213689b
libero_10,put_both_moka_pots_on_the_stove,afccc4bbe99cf0ce6bcfffa17735a700,Human1,absorb,ok,annotations/libero_10/put_both_moka_pots_on_the_stove/afccc4bbe99cf0ce6bcfffa17735a700/afccc4bbe99cf0ce6bcfffa17735a700_subtask_Human1.json,368,10.0,5,Grasp|Place|Grasp|Place|Move,libero_object_10_Human3 folder,afccc4bbe99cf0ce6bcfffa17735a700_subtask_Human1.json,a141b0e444c18f71d429abcbba3caec4764b8540134864e371bd8e7daa1f009d
libero_10,put_both_moka_pots_on_the_stove,afccc4bbe99cf0ce6bcfffa17735a700,Human2,absorb,ok,annotations/libero_10/put_both_moka_pots_on_the_stove/afccc4bbe99cf0ce6bcfffa17735a700/afccc4bbe99cf0ce6bcfffa17735a700_subtask_Human2.json,368,10.0,4,Reach|Place|Grasp|Place,l24_human2_0912.tar.gz,afccc4bbe99cf0ce6bcfffa17735a700_subtask_Human2.json,ed8c080e116d6b48f39a9eb4b4e1a1a0d92e1442d6dd0376ae0be12e7c6693bc
libero_10,put_both_moka_pots_on_the_stove,afccc4bbe99cf0ce6bcfffa17735a700,Human3,absorb,ok,annotations/libero_10/put_both_moka_pots_on_the_stove/afccc4bbe99cf0ce6bcfffa17735a700/afccc4bbe99cf0ce6bcfffa17735a700_subtask_Human3.json,368,10.0,4,Pick|Place|Pick|Place,l24_human3_0912.tar.gz,afccc4bbe99cf0ce6bcfffa17735a700_subtask_Human3.json,61a1aee6340da4aece7f736b6b4661d5eb00452ea5ae5d296fe7cb6177619589
libero_10,put_both_the_alphabet_soup_and_the_cream_cheese_box_in_the_basket,748384ed64efa65bd3c4a072ffe0b2d5,Human1,absorb,ok,annotations/libero_10/put_both_the_alphabet_soup_and_the_cream_cheese_box_in_the_basket/748384ed64efa65bd3c4a072ffe0b2d5/748384ed64efa65bd3c4a072ffe0b2d5_subtask_Human1.json,250,10.0,5,Grasp|Place|Grasp|Place|Move,libero_object_10_Human3 folder,748384ed64efa65bd3c4a072ffe0b2d5_subtask_Human1.json,acd6b20932bfd44ab73afa5c2f9475179f6c5056b72c1bcb2dcbe80f2dfb8844
libero_10,put_both_the_alphabet_soup_and_the_cream_cheese_box_in_the_basket,748384ed64efa65bd3c4a072ffe0b2d5,Human2,absorb,ok,annotations/libero_10/put_both_the_alphabet_soup_and_the_cream_cheese_box_in_the_basket/748384ed64efa65bd3c4a072ffe0b2d5/748384ed64efa65bd3c4a072ffe0b2d5_subtask_Human2.json,250,10.0,6,Grasp|Move|Release|Grasp|Move|Release,l24_human2_0912.tar.gz,748384ed64efa65bd3c4a072ffe0b2d5_subtask_Human2.json,0e4f00cd991988125dcf70678d21f1bbb772b1ceec2133c9bd48ee9227e9ca9a
libero_10,put_both_the_alphabet_soup_and_the_cream_cheese_box_in_the_basket,748384ed64efa65bd3c4a072ffe0b2d5,Human3,absorb,ok,annotations/libero_10/put_both_the_alphabet_soup_and_the_cream_cheese_box_in_the_basket/748384ed64efa65bd3c4a072ffe0b2d5/748384ed64efa65bd3c4a072ffe0b2d5_subtask_Human3.json,250,10.0,4,Pick|Put|Pick|Put,l24_human3_0912.tar.gz,748384ed64efa65bd3c4a072ffe0b2d5_subtask_Human3.json,ccc29bf0c89cc73e6a0c0c35ce074e883f41aaccc662a88614050ae2904d9ee5
libero_10,put_both_the_alphabet_soup_and_the_cream_cheese_box_in_the_basket,84f9729710d633c3f435da396b3e938e,Human1,absorb,ok,annotations/libero_10/put_both_the_alphabet_soup_and_the_cream_cheese_box_in_the_basket/84f9729710d633c3f435da396b3e938e/84f9729710d633c3f435da396b3e938e_subtask_Human1.json,248,10.0,5,Grasp|Place|Grasp|Place|Move,libero_object_10_Human3 folder,84f9729710d633c3f435da396b3e938e_subtask_Human1.json,d799d838a69c00593bff4df132af8575b5d553f112c7ecbe313e0ade30d25cb8
libero_10,put_both_the_alphabet_soup_and_the_cream_cheese_box_in_the_basket,84f9729710d633c3f435da396b3e938e,Human2,absorb,ok,annotations/libero_10/put_both_the_alphabet_soup_and_the_cream_cheese_box_in_the_basket/84f9729710d633c3f435da396b3e938e/84f9729710d633c3f435da396b3e938e_subtask_Human2.json,248,10.0,6,Grasp|Move|Release|Grasp|Move|Release,l24_human2_0912.tar.gz,84f9729710d633c3f435da396b3e938e_subtask_Human2.json,c862fa78ade4f0820dba811d74e83b3d7cc9119ff15c24ce55ce21999ea4e1ef
libero_10,put_both_the_alphabet_soup_and_the_cream_cheese_box_in_the_basket,84f9729710d633c3f435da396b3e938e,Human3,absorb,ok,annotations/libero_10/put_both_the_alphabet_soup_and_the_cream_cheese_box_in_the_basket/84f9729710d633c3f435da396b3e938e/84f9729710d633c3f435da396b3e938e_subtask_Human3.json,248,10.0,4,Pick|Put|Pick|Put,l24_human3_0912.tar.gz,84f9729710d633c3f435da396b3e938e_subtask_Human3.json,a7e396f13bd48219706dc50e43d8ad3bf207cfe78e56dc49546eb9aa4dfc773b
libero_10,put_both_the_alphabet_soup_and_the_cream_cheese_box_in_the_basket,bbebd18b9bfdc8ac48042088105ded77,Human1,absorb,ok,annotations/libero_10/put_both_the_alphabet_soup_and_the_cream_cheese_box_in_the_basket/bbebd18b9bfdc8ac48042088105ded77/bbebd18b9bfdc8ac48042088105ded77_subtask_Human1.json,236,10.0,5,Grasp|Place|Grasp|Place|Move,libero_object_10_Human3 folder,bbebd18b9bfdc8ac48042088105ded77_subtask_Human1.json,be48af0417aa8a411328ee7a085d8be1af1d1cd43342737c5d3876b05e85534c
libero_10,put_both_the_alphabet_soup_and_the_cream_cheese_box_in_the_basket,bbebd18b9bfdc8ac48042088105ded77,Human2,absorb,ok,annotations/libero_10/put_both_the_alphabet_soup_and_the_cream_cheese_box_in_the_basket/bbebd18b9bfdc8ac48042088105ded77/bbebd18b9bfdc8ac48042088105ded77_subtask_Human2.json,236,10.0,6,Grasp|Move|Release|Grasp|Move|Release,l24_human2_0912.tar.gz,bbebd18b9bfdc8ac48042088105ded77_subtask_Human2.json,dec8eda2fde815f5a06ec7c079c8bfe1360b5ad3bb64110faba894539fd31181
libero_10,put_both_the_alphabet_soup_and_the_cream_cheese_box_in_the_basket,bbebd18b9bfdc8ac48042088105ded77,Human3,absorb,ok,annotations/libero_10/put_both_the_alphabet_soup_and_the_cream_cheese_box_in_the_basket/bbebd18b9bfdc8ac48042088105ded77/bbebd18b9bfdc8ac48042088105ded77_subtask_Human3.json,236,10.0,4,Pick|Put|Pick|Put,l24_human3_0912.tar.gz,bbebd18b9bfdc8ac48042088105ded77_subtask_Human3.json,df95d4429e463e63a12654c2fcce87804ccae4ae0ae98da7077440790856b48a
libero_10,put_both_the_alphabet_soup_and_the_tomato_sauce_in_the_basket,82e8a1bd859eaa5de6aa53a806134e6c,Human1,absorb,ok,annotations/libero_10/put_both_the_alphabet_soup_and_the_tomato_sauce_in_the_basket/82e8a1bd859eaa5de6aa53a806134e6c/82e8a1bd859eaa5de6aa53a806134e6c_subtask_Human1.json,367,10.0,7,Grasp|Place|Grasp|Move|Grasp|Place|Move,libero_object_10_Human3 folder,82e8a1bd859eaa5de6aa53a806134e6c_subtask_Human1.json,dce10ce5649c9f787bd2c26e9782d96cdd983252e0aaf7379a557cfef16edf8d
libero_10,put_both_the_alphabet_soup_and_the_tomato_sauce_in_the_basket,82e8a1bd859eaa5de6aa53a806134e6c,Human2,absorb,ok,annotations/libero_10/put_both_the_alphabet_soup_and_the_tomato_sauce_in_the_basket/82e8a1bd859eaa5de6aa53a806134e6c/82e8a1bd859eaa5de6aa53a806134e6c_subtask_Human2.json,367,10.0,6,Grasp|Move|Release|Grasp|Move|Release,l24_human2_0912.tar.gz,82e8a1bd859eaa5de6aa53a806134e6c_subtask_Human2.json,581488dd0f50acf58adfbc5584469a16c8c7fccde6724bd1f3f1587ddf14e744
libero_10,put_both_the_alphabet_soup_and_the_tomato_sauce_in_the_basket,82e8a1bd859eaa5de6aa53a806134e6c,Human3,absorb,ok,annotations/libero_10/put_both_the_alphabet_soup_and_the_tomato_sauce_in_the_basket/82e8a1bd859eaa5de6aa53a806134e6c/82e8a1bd859eaa5de6aa53a806134e6c_subtask_Human3.json,367,10.0,5,Pick|Put|Pick|Pick|Put,l24_human3_0912.tar.gz,82e8a1bd859eaa5de6aa53a806134e6c_subtask_Human3.json,98dac2a676a582509b4b2e65a1038a3b65a446201e034f9a4ed1a2dd1a8bb4a8
libero_10,put_both_the_alphabet_soup_and_the_tomato_sauce_in_the_basket,8ddfc8e9b3e03cc579138c79ba114c02,Human1,absorb,ok,annotations/libero_10/put_both_the_alphabet_soup_and_the_tomato_sauce_in_the_basket/8ddfc8e9b3e03cc579138c79ba114c02/8ddfc8e9b3e03cc579138c79ba114c02_subtask_Human1.json,250,10.0,5,Grasp|Place|Grasp|Place|Move,libero_object_10_Human3 folder,8ddfc8e9b3e03cc579138c79ba114c02_subtask_Human1.json,57e29cd8e9e02f9a84d1d46a2335b2f62d358ef0302109fd0d9e820d302244ee
libero_10,put_both_the_alphabet_soup_and_the_tomato_sauce_in_the_basket,8ddfc8e9b3e03cc579138c79ba114c02,Human2,absorb,ok,annotations/libero_10/put_both_the_alphabet_soup_and_the_tomato_sauce_in_the_basket/8ddfc8e9b3e03cc579138c79ba114c02/8ddfc8e9b3e03cc579138c79ba114c02_subtask_Human2.json,250,10.0,6,Grasp|Reach|Release|Grasp|Move|Release,l24_human2_0912.tar.gz,8ddfc8e9b3e03cc579138c79ba114c02_subtask_Human2.json,e1fc18cb1483b9bfafc02a96402ac3d3da4cfddac58736965b203adff7d82511
libero_10,put_both_the_alphabet_soup_and_the_tomato_sauce_in_the_basket,8ddfc8e9b3e03cc579138c79ba114c02,Human3,absorb,ok,annotations/libero_10/put_both_the_alphabet_soup_and_the_tomato_sauce_in_the_basket/8ddfc8e9b3e03cc579138c79ba114c02/8ddfc8e9b3e03cc579138c79ba114c02_subtask_Human3.json,250,10.0,4,Pick|Put|Pick|Put,l24_human3_0912.tar.gz,8ddfc8e9b3e03cc579138c79ba114c02_subtask_Human3.json,7c20bdc6a7d2ec5c962f3ad3bf58cefd48d63ca843546c842b14d30a501bfaa6
libero_10,put_both_the_alphabet_soup_and_the_tomato_sauce_in_the_basket,f6f8bcb0f80de4af902ae583b885e9e5,Human1,absorb,ok,annotations/libero_10/put_both_the_alphabet_soup_and_the_tomato_sauce_in_the_basket/f6f8bcb0f80de4af902ae583b885e9e5/f6f8bcb0f80de4af902ae583b885e9e5_subtask_Human1.json,300,10.0,5,Grasp|Place|Grasp|Place|Move,libero_object_10_Human3 folder,f6f8bcb0f80de4af902ae583b885e9e5_subtask_Human1.json,3b8b63ee2cded6963b9c51f571a09ec17c5085f74af6aed99f7ff966867fa5ff
libero_10,put_both_the_alphabet_soup_and_the_tomato_sauce_in_the_basket,f6f8bcb0f80de4af902ae583b885e9e5,Human2,absorb,ok,annotations/libero_10/put_both_the_alphabet_soup_and_the_tomato_sauce_in_the_basket/f6f8bcb0f80de4af902ae583b885e9e5/f6f8bcb0f80de4af902ae583b885e9e5_subtask_Human2.json,300,10.0,6,Grasp|Move|Release|Grasp|Move|Release,l24_human2_0912.tar.gz,f6f8bcb0f80de4af902ae583b885e9e5_subtask_Human2.json,fb263d8e3046898f7ebddd86dbf7827a2ee52ccb9fb0e745286de5d6d99b70f1
libero_10,put_both_the_alphabet_soup_and_the_tomato_sauce_in_the_basket,f6f8bcb0f80de4af902ae583b885e9e5,Human3,absorb,ok,annotations/libero_10/put_both_the_alphabet_soup_and_the_tomato_sauce_in_the_basket/f6f8bcb0f80de4af902ae583b885e9e5/f6f8bcb0f80de4af902ae583b885e9e5_subtask_Human3.json,300,10.0,4,Pick|Put|Pick|Put,l24_human3_0912.tar.gz,f6f8bcb0f80de4af902ae583b885e9e5_subtask_Human3.json,8bfbf2e6e104bba839024e3761b759ae33f7acac878935d3987185648c8d6c78
libero_10,put_both_the_cream_cheese_box_and_the_butter_in_the_basket,2ca7211c7f079a6750ed25664f169661,Human1,absorb,ok,annotations/libero_10/put_both_the_cream_cheese_box_and_the_butter_in_the_basket/2ca7211c7f079a6750ed25664f169661/2ca7211c7f079a6750ed25664f169661_subtask_Human1.json,246,10.0,5,Grasp|Place|Grasp|Place|Move,libero_object_10_Human3 folder,2ca7211c7f079a6750ed25664f169661_subtask_Human1.json,9a42df53098d56b3e15b19988e539b3f4eeb31f5e194aa0442a64b49fc7a7f93
libero_10,put_both_the_cream_cheese_box_and_the_butter_in_the_basket,2ca7211c7f079a6750ed25664f169661,Human2,absorb,ok,annotations/libero_10/put_both_the_cream_cheese_box_and_the_butter_in_the_basket/2ca7211c7f079a6750ed25664f169661/2ca7211c7f079a6750ed25664f169661_subtask_Human2.json,246,10.0,6,Grasp|Move|Release|Grasp|Move|Release,l24_human2_0912.tar.gz,2ca7211c7f079a6750ed25664f169661_subtask_Human2.json,88ce153c93eff1f2d15b69613d7483b5871affb16cb3b694c83f1b51ad943714
libero_10,put_both_the_cream_cheese_box_and_the_butter_in_the_basket,2ca7211c7f079a6750ed25664f169661,Human3,absorb,ok,annotations/libero_10/put_both_the_cream_cheese_box_and_the_butter_in_the_basket/2ca7211c7f079a6750ed25664f169661/2ca7211c7f079a6750ed25664f169661_subtask_Human3.json,246,10.0,4,Pick|Put|Pick|Put,l24_human3_0912.tar.gz,2ca7211c7f079a6750ed25664f169661_subtask_Human3.json,b4eebcfc3250fd9926a2c6714c1ec236a7981d5cae312ee2c214832fe814ddb2
libero_10,put_both_the_cream_cheese_box_and_the_butter_in_the_basket,a1b570559c1744f2063d908cac1c5e36,Human1,absorb,ok,annotations/libero_10/put_both_the_cream_cheese_box_and_the_butter_in_the_basket/a1b570559c1744f2063d908cac1c5e36/a1b570559c1744f2063d908cac1c5e36_subtask_Human1.json,241,10.0,5,Grasp|Place|Grasp|Place|Move,libero_object_10_Human3 folder,a1b570559c1744f2063d908cac1c5e36_subtask_Human1.json,23dbbf8413b0c65fb9209ab541391b374498e8aa4033c32776ab4df7ccbc9e38
libero_10,put_both_the_cream_cheese_box_and_the_butter_in_the_basket,a1b570559c1744f2063d908cac1c5e36,Human2,absorb,ok,annotations/libero_10/put_both_the_cream_cheese_box_and_the_butter_in_the_basket/a1b570559c1744f2063d908cac1c5e36/a1b570559c1744f2063d908cac1c5e36_subtask_Human2.json,241,10.0,6,Grasp|Move|Release|Grasp|Move|Release,l24_human2_0912.tar.gz,a1b570559c1744f2063d908cac1c5e36_subtask_Human2.json,64751d243ee3e15c990421f4719fe7748faac31d4de8dc515faf914ee85d5c4e
libero_10,put_both_the_cream_cheese_box_and_the_butter_in_the_basket,a1b570559c1744f2063d908cac1c5e36,Human3,absorb,ok,annotations/libero_10/put_both_the_cream_cheese_box_and_the_butter_in_the_basket/a1b570559c1744f2063d908cac1c5e36/a1b570559c1744f2063d908cac1c5e36_subtask_Human3.json,241,10.0,4,Pick|Put|Pick|Put,l24_human3_0912.tar.gz,a1b570559c1744f2063d908cac1c5e36_subtask_Human3.json,ebb70e695e2efc4f5ef909d3cc97ef2765bdc5da9f940a9fd08d4822f6c93824
libero_10,put_both_the_cream_cheese_box_and_the_butter_in_the_basket,c14caa9b24a6584fa6817f4ec7566048,Human1,absorb,ok,annotations/libero_10/put_both_the_cream_cheese_box_and_the_butter_in_the_basket/c14caa9b24a6584fa6817f4ec7566048/c14caa9b24a6584fa6817f4ec7566048_subtask_Human1.json,322,10.0,5,Grasp|Place|Grasp|Place|Move,libero_object_10_Human3 folder,c14caa9b24a6584fa6817f4ec7566048_subtask_Human1.json,f6428fef488cd0ccd99c301e516e95e408ad7558bd85b17f46d2f28c4c7a20dc
libero_10,put_both_the_cream_cheese_box_and_the_butter_in_the_basket,c14caa9b24a6584fa6817f4ec7566048,Human2,absorb,ok,annotations/libero_10/put_both_the_cream_cheese_box_and_the_butter_in_the_basket/c14caa9b24a6584fa6817f4ec7566048/c14caa9b24a6584fa6817f4ec7566048_subtask_Human2.json,322,10.0,6,Grasp|Move|Release|Grasp|Move|Release,l24_human2_0912.tar.gz,c14caa9b24a6584fa6817f4ec7566048_subtask_Human2.json,ccc6382f1c291c36f0d6b9422d8f5da3c03a4ec83a03576e8bf4a69276ceabaa
libero_10,put_both_the_cream_cheese_box_and_the_butter_in_the_basket,c14caa9b24a6584fa6817f4ec7566048,Human3,absorb,ok,annotations/libero_10/put_both_the_cream_cheese_box_and_the_butter_in_the_basket/c14caa9b24a6584fa6817f4ec7566048/c14caa9b24a6584fa6817f4ec7566048_subtask_Human3.json,322,10.0,4,Pick|Put|Pick|Put,l24_human3_0912.tar.gz,c14caa9b24a6584fa6817f4ec7566048_subtask_Human3.json,35a20b9fcc1b1d26a73d25e745a3bcf960f861071ef6d3e8fad7e931f35f2386
libero_10,put_the_black_bowl_in_the_bottom_drawer_of_the_cabinet_and_close_it,37aa249ed509d305d68675112d553afc,Human1,absorb,ok,annotations/libero_10/put_the_black_bowl_in_the_bottom_drawer_of_the_cabinet_and_close_it/37aa249ed509d305d68675112d553afc/37aa249ed509d305d68675112d553afc_subtask_Human1.json,229,10.0,4,Grasp|Place|Move|Push,libero_object_10_Human3 folder,37aa249ed509d305d68675112d553afc_subtask_Human1.json,9e33473eac4058389245966f9b278db63bd8152af0b5b83157e9fbd97ec3592f
libero_10,put_the_black_bowl_in_the_bottom_drawer_of_the_cabinet_and_close_it,37aa249ed509d305d68675112d553afc,Human2,absorb,ok,annotations/libero_10/put_the_black_bowl_in_the_bottom_drawer_of_the_cabinet_and_close_it/37aa249ed509d305d68675112d553afc/37aa249ed509d305d68675112d553afc_subtask_Human2.json,229,10.0,3,Grasp|Place|Close,l24_human2_0912.tar.gz,37aa249ed509d305d68675112d553afc_subtask_Human2.json,c6bfca04ef3c94558340271fb1ca2d7c0ca610922305d96555cc9db86c26d62b
libero_10,put_the_black_bowl_in_the_bottom_drawer_of_the_cabinet_and_close_it,37aa249ed509d305d68675112d553afc,Human3,absorb,ok,annotations/libero_10/put_the_black_bowl_in_the_bottom_drawer_of_the_cabinet_and_close_it/37aa249ed509d305d68675112d553afc/37aa249ed509d305d68675112d553afc_subtask_Human3.json,229,10.0,3,Pick|Place|Move,l24_human3_0912.tar.gz,37aa249ed509d305d68675112d553afc_subtask_Human3.json,436127af2d0c01412c2f04aa89ad6a808c7025a10941bc25f21e6715b89bb1e3
libero_10,put_the_black_bowl_in_the_bottom_drawer_of_the_cabinet_and_close_it,b29cd44d27c3688eda05f870ad2834e9,Human1,absorb,ok,annotations/libero_10/put_the_black_bowl_in_the_bottom_drawer_of_the_cabinet_and_close_it/b29cd44d27c3688eda05f870ad2834e9/b29cd44d27c3688eda05f870ad2834e9_subtask_Human1.json,229,10.0,4,Grasp|Place|Move|Push,libero_object_10_Human3 folder,b29cd44d27c3688eda05f870ad2834e9_subtask_Human1.json,dd474675d69d49451aefd5b1118a3c658e95de7f77d4f2e429a563e3d3900479
libero_10,put_the_black_bowl_in_the_bottom_drawer_of_the_cabinet_and_close_it,b29cd44d27c3688eda05f870ad2834e9,Human2,absorb,ok,annotations/libero_10/put_the_black_bowl_in_the_bottom_drawer_of_the_cabinet_and_close_it/b29cd44d27c3688eda05f870ad2834e9/b29cd44d27c3688eda05f870ad2834e9_subtask_Human2.json,229,10.0,3,Grasp|Place|Close,l24_human2_0912.tar.gz,b29cd44d27c3688eda05f870ad2834e9_subtask_Human2.json,1900763119a4922d2bfb6420b55de3e0aa8165e01b215a4be4c8616c5d80a348
libero_10,put_the_black_bowl_in_the_bottom_drawer_of_the_cabinet_and_close_it,b29cd44d27c3688eda05f870ad2834e9,Human3,absorb,ok,annotations/libero_10/put_the_black_bowl_in_the_bottom_drawer_of_the_cabinet_and_close_it/b29cd44d27c3688eda05f870ad2834e9/b29cd44d27c3688eda05f870ad2834e9_subtask_Human3.json,229,10.0,3,Pick|Place|Slide,l24_human3_0912.tar.gz,b29cd44d27c3688eda05f870ad2834e9_subtask_Human3.json,e6c5f50235c61d3597be3b1953dc20a7fa5270adef4345396ec28bf88aacfc1a
libero_10,put_the_black_bowl_in_the_bottom_drawer_of_the_cabinet_and_close_it,ec4f817d9c2a4de999bd09696b648263,Human1,absorb,ok,annotations/libero_10/put_the_black_bowl_in_the_bottom_drawer_of_the_cabinet_and_close_it/ec4f817d9c2a4de999bd09696b648263/ec4f817d9c2a4de999bd09696b648263_subtask_Human1.json,230,10.0,4,Grasp|Place|Move|Push,libero_object_10_Human3 folder,ec4f817d9c2a4de999bd09696b648263_subtask_Human1.json,6eb719b36ca019d3298b8694d9074a1819d3bb5262c6bdd2faf248f7ce26f664
libero_10,put_the_black_bowl_in_the_bottom_drawer_of_the_cabinet_and_close_it,ec4f817d9c2a4de999bd09696b648263,Human2,absorb,ok,annotations/libero_10/put_the_black_bowl_in_the_bottom_drawer_of_the_cabinet_and_close_it/ec4f817d9c2a4de999bd09696b648263/ec4f817d9c2a4de999bd09696b648263_subtask_Human2.json,230,10.0,3,Grasp|Place|Close,l24_human2_0912.tar.gz,ec4f817d9c2a4de999bd09696b648263_subtask_Human2.json,b1dff636893f8641d5743fcc3b63a31529023899a4bd7363a39940e9693e9ef9
libero_10,put_the_black_bowl_in_the_bottom_drawer_of_the_cabinet_and_close_it,ec4f817d9c2a4de999bd09696b648263,Human3,absorb,ok,annotations/libero_10/put_the_black_bowl_in_the_bottom_drawer_of_the_cabinet_and_close_it/ec4f817d9c2a4de999bd09696b648263/ec4f817d9c2a4de999bd09696b648263_subtask_Human3.json,230,10.0,3,Pick|Place|Slide,l24_human3_0912.tar.gz,ec4f817d9c2a4de999bd09696b648263_subtask_Human3.json,8f549b3d509bad63824f0259caf1e9064ab5b2ae8a7c00aef6b3bcc902502f69
libero_10,put_the_white_mug_on_the_left_plate_and_put_the_yellow_and_white_mug_on_the_right_plate,63f779908655a01c0ca6ee8570abfe80,Human1,absorb,ok,annotations/libero_10/put_the_white_mug_on_the_left_plate_and_put_the_yellow_and_white_mug_on_the_right_plate/63f779908655a01c0ca6ee8570abfe80/63f779908655a01c0ca6ee8570abfe80_subtask_Human1.json,275,10.0,5,Grasp|Place|Grasp|Place|Move,libero_object_10_Human3 folder,63f779908655a01c0ca6ee8570abfe80_subtask_Human1.json,8a58872c307c9db52a9bb5ff88f15e73d267041ca0b1d6c993b22ff195ab6f03
libero_10,put_the_white_mug_on_the_left_plate_and_put_the_yellow_and_white_mug_on_the_right_plate,63f779908655a01c0ca6ee8570abfe80,Human2,absorb,ok,annotations/libero_10/put_the_white_mug_on_the_left_plate_and_put_the_yellow_and_white_mug_on_the_right_plate/63f779908655a01c0ca6ee8570abfe80/63f779908655a01c0ca6ee8570abfe80_subtask_Human2.json,275,10.0,4,Grasp|Place|Grasp|Place,l24_human2_0912.tar.gz,63f779908655a01c0ca6ee8570abfe80_subtask_Human2.json,b3560b672957cf7da9ea81a7c52efcb45d4b594de7a4aeb35bdb7f1e4f5c2d68
libero_10,put_the_white_mug_on_the_left_plate_and_put_the_yellow_and_white_mug_on_the_right_plate,63f779908655a01c0ca6ee8570abfe80,Human3,absorb,ok,annotations/libero_10/put_the_white_mug_on_the_left_plate_and_put_the_yellow_and_white_mug_on_the_right_plate/63f779908655a01c0ca6ee8570abfe80/63f779908655a01c0ca6ee8570abfe80_subtask_Human3.json,275,10.0,4,Pick|Place|Pick|Place,l24_human3_0912.tar.gz,63f779908655a01c0ca6ee8570abfe80_subtask_Human3.json,29675cc4f962c0a4038166977587e3a72c95cde735cf3872e66d612a1426e24c
libero_10,put_the_white_mug_on_the_left_plate_and_put_the_yellow_and_white_mug_on_the_right_plate,d3e02f7a65792461629f910affd2fc63,Human1,absorb,ok,annotations/libero_10/put_the_white_mug_on_the_left_plate_and_put_the_yellow_and_white_mug_on_the_right_plate/d3e02f7a65792461629f910affd2fc63/d3e02f7a65792461629f910affd2fc63_subtask_Human1.json,277,10.0,5,Grasp|Place|Grasp|Place|Move,libero_object_10_Human3 folder,d3e02f7a65792461629f910affd2fc63_subtask_Human1.json,2774dcd1aeb7465d12fee56cfa6c5111694da3a39a981c37721a705a427df996
libero_10,put_the_white_mug_on_the_left_plate_and_put_the_yellow_and_white_mug_on_the_right_plate,d3e02f7a65792461629f910affd2fc63,Human2,absorb,ok,annotations/libero_10/put_the_white_mug_on_the_left_plate_and_put_the_yellow_and_white_mug_on_the_right_plate/d3e02f7a65792461629f910affd2fc63/d3e02f7a65792461629f910affd2fc63_subtask_Human2.json,277,10.0,4,Grasp|Place|Grasp|Place,l24_human2_0912.tar.gz,d3e02f7a65792461629f910affd2fc63_subtask_Human2.json,6ca92feba512aa30b33626c8452ffe67f54584068e260f3c25a6e1110bc1af23
libero_10,put_the_white_mug_on_the_left_plate_and_put_the_yellow_and_white_mug_on_the_right_plate,d3e02f7a65792461629f910affd2fc63,Human3,absorb,ok,annotations/libero_10/put_the_white_mug_on_the_left_plate_and_put_the_yellow_and_white_mug_on_the_right_plate/d3e02f7a65792461629f910affd2fc63/d3e02f7a65792461629f910affd2fc63_subtask_Human3.json,277,10.0,4,Pick|Place|Pick|Place,l24_human3_0912.tar.gz,d3e02f7a65792461629f910affd2fc63_subtask_Human3.json,52a8a7a6caf8b4966992a2b4e4bad7046c4d6093494c9a7bc15f1aa06344d913
libero_10,put_the_white_mug_on_the_left_plate_and_put_the_yellow_and_white_mug_on_the_right_plate,ff3a33419101905ff33e961454b21b06,Human1,absorb,ok,annotations/libero_10/put_the_white_mug_on_the_left_plate_and_put_the_yellow_and_white_mug_on_the_right_plate/ff3a33419101905ff33e961454b21b06/ff3a33419101905ff33e961454b21b06_subtask_Human1.json,292,10.0,5,Grasp|Place|Grasp|Place|Move,libero_object_10_Human3 folder,ff3a33419101905ff33e961454b21b06_subtask_Human1.json,862100915ece5c93e54b22db75d01abd14484c5bd9e8e3fa29e344e5095bf9e1
libero_10,put_the_white_mug_on_the_left_plate_and_put_the_yellow_and_white_mug_on_the_right_plate,ff3a33419101905ff33e961454b21b06,Human2,absorb,ok,annotations/libero_10/put_the_white_mug_on_the_left_plate_and_put_the_yellow_and_white_mug_on_the_right_plate/ff3a33419101905ff33e961454b21b06/ff3a33419101905ff33e961454b21b06_subtask_Human2.json,292,10.0,4,Grasp|Place|Grasp|Place,l24_human2_0912.tar.gz,ff3a33419101905ff33e961454b21b06_subtask_Human2.json,e571de5f6c5e4bf8b6d6eb2a7a224da183a66a0305d1195261addabc2046c9b6
libero_10,put_the_white_mug_on_the_left_plate_and_put_the_yellow_and_white_mug_on_the_right_plate,ff3a33419101905ff33e961454b21b06,Human3,absorb,ok,annotations/libero_10/put_the_white_mug_on_the_left_plate_and_put_the_yellow_and_white_mug_on_the_right_plate/ff3a33419101905ff33e961454b21b06/ff3a33419101905ff33e961454b21b06_subtask_Human3.json,292,10.0,4,Pick|Place|Pick|Place,l24_human3_0912.tar.gz,ff3a33419101905ff33e961454b21b06_subtask_Human3.json,effe57b6d14896a13718792d586aff50cd9c91aca685173248fbb56586c182dd
libero_10,put_the_white_mug_on_the_plate_and_put_the_chocolate_pudding_to_the_right_of_the_plate,8250435635c4053f17d811c65728ea68,Human1,absorb,ok,annotations/libero_10/put_the_white_mug_on_the_plate_and_put_the_chocolate_pudding_to_the_right_of_the_plate/8250435635c4053f17d811c65728ea68/8250435635c4053f17d811c65728ea68_subtask_Human1.json,232,10.0,4,Grasp|Place|Grasp|Place,libero_object_10_Human3 folder,8250435635c4053f17d811c65728ea68_subtask_Human1.json,f8b4a916207d1bcb5520b340b1845a50de8afa474fc9a5b1194ae3bf004434c1
libero_10,put_the_white_mug_on_the_plate_and_put_the_chocolate_pudding_to_the_right_of_the_plate,8250435635c4053f17d811c65728ea68,Human2,absorb,ok,annotations/libero_10/put_the_white_mug_on_the_plate_and_put_the_chocolate_pudding_to_the_right_of_the_plate/8250435635c4053f17d811c65728ea68/8250435635c4053f17d811c65728ea68_subtask_Human2.json,232,10.0,4,Grasp|Place|Grasp|Move,l24_human2_0912.tar.gz,8250435635c4053f17d811c65728ea68_subtask_Human2.json,5b8eb888bb9e682cd1f50e9798b536afb6556a21f4514e2544800d41b17b134b
libero_10,put_the_white_mug_on_the_plate_and_put_the_chocolate_pudding_to_the_right_of_the_plate,8250435635c4053f17d811c65728ea68,Human3,absorb,ok,annotations/libero_10/put_the_white_mug_on_the_plate_and_put_the_chocolate_pudding_to_the_right_of_the_plate/8250435635c4053f17d811c65728ea68/8250435635c4053f17d811c65728ea68_subtask_Human3.json,232,10.0,4,Pick|Place|Pick|Place,l24_human3_0912.tar.gz,8250435635c4053f17d811c65728ea68_subtask_Human3.json,0f2093a5b176ba564c1dcdd9a891013e597694312d039a622baa1473bf9250c0
libero_10,put_the_white_mug_on_the_plate_and_put_the_chocolate_pudding_to_the_right_of_the_plate,b04096415d1942662fbb1098e72105ad,Human1,absorb,ok,annotations/libero_10/put_the_white_mug_on_the_plate_and_put_the_chocolate_pudding_to_the_right_of_the_plate/b04096415d1942662fbb1098e72105ad/b04096415d1942662fbb1098e72105ad_subtask_Human1.json,249,10.0,4,Grasp|Place|Grasp|Place,libero_object_10_Human3 folder,b04096415d1942662fbb1098e72105ad_subtask_Human1.json,716162da638d45d0db20ba1a9543b1d4310e3423aa85b11d71717ef7df386b74
libero_10,put_the_white_mug_on_the_plate_and_put_the_chocolate_pudding_to_the_right_of_the_plate,b04096415d1942662fbb1098e72105ad,Human2,absorb,ok,annotations/libero_10/put_the_white_mug_on_the_plate_and_put_the_chocolate_pudding_to_the_right_of_the_plate/b04096415d1942662fbb1098e72105ad/b04096415d1942662fbb1098e72105ad_subtask_Human2.json,249,10.0,4,Grasp|Place|Grasp|Move,l24_human2_0912.tar.gz,b04096415d1942662fbb1098e72105ad_subtask_Human2.json,d9fd845249898816ceed13a561e737b60ed8345db35571217bb4061b431438c7
libero_10,put_the_white_mug_on_the_plate_and_put_the_chocolate_pudding_to_the_right_of_the_plate,b04096415d1942662fbb1098e72105ad,Human3,absorb,ok,annotations/libero_10/put_the_white_mug_on_the_plate_and_put_the_chocolate_pudding_to_the_right_of_the_plate/b04096415d1942662fbb1098e72105ad/b04096415d1942662fbb1098e72105ad_subtask_Human3.json,249,10.0,4,Pick|Place|Pick|Place,l24_human3_0912.tar.gz,b04096415d1942662fbb1098e72105ad_subtask_Human3.json,68eef81a08f7c7d64178b1e29213430d5547375305fd8244f2600f6686ee64ca
libero_10,put_the_white_mug_on_the_plate_and_put_the_chocolate_pudding_to_the_right_of_the_plate,bc58c5db2128ff5e0c5ffe3a18319471,Human1,absorb,ok,annotations/libero_10/put_the_white_mug_on_the_plate_and_put_the_chocolate_pudding_to_the_right_of_the_plate/bc58c5db2128ff5e0c5ffe3a18319471/bc58c5db2128ff5e0c5ffe3a18319471_subtask_Human1.json,247,10.0,4,Grasp|Place|Grasp|Place,libero_object_10_Human3 folder,bc58c5db2128ff5e0c5ffe3a18319471_subtask_Human1.json,a2df9f3dcaffcede83a7f6237816c49c27200b997c239877551f8974a7bda9fe
libero_10,put_the_white_mug_on_the_plate_and_put_the_chocolate_pudding_to_the_right_of_the_plate,bc58c5db2128ff5e0c5ffe3a18319471,Human2,absorb,ok,annotations/libero_10/put_the_white_mug_on_the_plate_and_put_the_chocolate_pudding_to_the_right_of_the_plate/bc58c5db2128ff5e0c5ffe3a18319471/bc58c5db2128ff5e0c5ffe3a18319471_subtask_Human2.json,247,10.0,4,Grasp|Place|Grasp|Move,l24_human2_0912.tar.gz,bc58c5db2128ff5e0c5ffe3a18319471_subtask_Human2.json,a6752f629cbe4b50ab6b73b08609ca34627dbcbc5e7aee47a57282f3c784e3e6
libero_10,put_the_white_mug_on_the_plate_and_put_the_chocolate_pudding_to_the_right_of_the_plate,bc58c5db2128ff5e0c5ffe3a18319471,Human3,absorb,ok,annotations/libero_10/put_the_white_mug_on_the_plate_and_put_the_chocolate_pudding_to_the_right_of_the_plate/bc58c5db2128ff5e0c5ffe3a18319471/bc58c5db2128ff5e0c5ffe3a18319471_subtask_Human3.json,247,10.0,4,Pick|Place|Pick|Place,l24_human3_0912.tar.gz,bc58c5db2128ff5e0c5ffe3a18319471_subtask_Human3.json,6edcf485a4820c711c4f18ac397d29813579d51cf92e14da02aa97da6f14423f
libero_10,put_the_yellow_and_white_mug_in_the_microwave_and_close_it,7227696448a604bc6bec1d408d4cd6c5,Human1,absorb,ok,annotations/libero_10/put_the_yellow_and_white_mug_in_the_microwave_and_close_it/7227696448a604bc6bec1d408d4cd6c5/7227696448a604bc6bec1d408d4cd6c5_subtask_Human1.json,255,10.0,4,Grasp|Place|Move|Close,libero_object_10_Human3 folder,7227696448a604bc6bec1d408d4cd6c5_subtask_Human1.json,f575541173ae82b91feb1cfc50df96a1fc798e648ee5c44390402248749d3a41
libero_10,put_the_yellow_and_white_mug_in_the_microwave_and_close_it,7227696448a604bc6bec1d408d4cd6c5,Human2,absorb,ok,annotations/libero_10/put_the_yellow_and_white_mug_in_the_microwave_and_close_it/7227696448a604bc6bec1d408d4cd6c5/7227696448a604bc6bec1d408d4cd6c5_subtask_Human2.json,255,10.0,3,Grasp|Put|Close,l24_human2_0912.tar.gz,7227696448a604bc6bec1d408d4cd6c5_subtask_Human2.json,bbe50e88e26c1ca518864547f090db597f6c679aa66559a56d579321a4ed0cf8
libero_10,put_the_yellow_and_white_mug_in_the_microwave_and_close_it,7227696448a604bc6bec1d408d4cd6c5,Human3,absorb,ok,annotations/libero_10/put_the_yellow_and_white_mug_in_the_microwave_and_close_it/7227696448a604bc6bec1d408d4cd6c5/7227696448a604bc6bec1d408d4cd6c5_subtask_Human3.json,255,10.0,3,Pick|Place|Close,l24_human3_0912.tar.gz,7227696448a604bc6bec1d408d4cd6c5_subtask_Human3.json,991ad5eff052d322f166b93b33e8fe2c6de0830f2ec917570c75716bb7aa067d
libero_10,put_the_yellow_and_white_mug_in_the_microwave_and_close_it,8731c305205348c3070a081589267c38,Human1,absorb,ok,annotations/libero_10/put_the_yellow_and_white_mug_in_the_microwave_and_close_it/8731c305205348c3070a081589267c38/8731c305205348c3070a081589267c38_subtask_Human1.json,449,10.0,4,Grasp|Place|Move|Close,libero_object_10_Human3 folder,8731c305205348c3070a081589267c38_subtask_Human1.json,8967d76d77c442d3ce580cb8f2b627cb2a26e9d08af2aa4caee863712703ac93
libero_10,put_the_yellow_and_white_mug_in_the_microwave_and_close_it,8731c305205348c3070a081589267c38,Human2,absorb,ok,annotations/libero_10/put_the_yellow_and_white_mug_in_the_microwave_and_close_it/8731c305205348c3070a081589267c38/8731c305205348c3070a081589267c38_subtask_Human2.json,449,10.0,3,Grasp|Put|Close,l24_human2_0912.tar.gz,8731c305205348c3070a081589267c38_subtask_Human2.json,c2dc9706f5d8e9d1d19947b247723932aa52a1c6e70954d5105ea0742a0638a2
libero_10,put_the_yellow_and_white_mug_in_the_microwave_and_close_it,8731c305205348c3070a081589267c38,Human3,absorb,ok,annotations/libero_10/put_the_yellow_and_white_mug_in_the_microwave_and_close_it/8731c305205348c3070a081589267c38/8731c305205348c3070a081589267c38_subtask_Human3.json,449,10.0,3,Pick|Place|Close,l24_human3_0912.tar.gz,8731c305205348c3070a081589267c38_subtask_Human3.json,713e9450cea2abcfb4a921361b96deb3ac212ebdca5b8f95373ae89ca9f1dcb1
libero_10,put_the_yellow_and_white_mug_in_the_microwave_and_close_it,e6e33dd24067a0d660e228e6311c6626,Human1,absorb,ok,annotations/libero_10/put_the_yellow_and_white_mug_in_the_microwave_and_close_it/e6e33dd24067a0d660e228e6311c6626/e6e33dd24067a0d660e228e6311c6626_subtask_Human1.json,343,10.0,4,Grasp|Place|Move|Close,libero_object_10_Human3 folder,e6e33dd24067a0d660e228e6311c6626_subtask_Human1.json,45c246f9fbc6fe704d30760ceeecaebc202a674a8a06b9937ba573977aaae730
libero_10,put_the_yellow_and_white_mug_in_the_microwave_and_close_it,e6e33dd24067a0d660e228e6311c6626,Human2,absorb,ok,annotations/libero_10/put_the_yellow_and_white_mug_in_the_microwave_and_close_it/e6e33dd24067a0d660e228e6311c6626/e6e33dd24067a0d660e228e6311c6626_subtask_Human2.json,343,10.0,3,Grasp|Put|Close,l24_human2_0912.tar.gz,e6e33dd24067a0d660e228e6311c6626_subtask_Human2.json,361e6485d275987156c723df712a074afbff7554571325d01cf5206d56ab85c2
libero_10,put_the_yellow_and_white_mug_in_the_microwave_and_close_it,e6e33dd24067a0d660e228e6311c6626,Human3,absorb,ok,annotations/libero_10/put_the_yellow_and_white_mug_in_the_microwave_and_close_it/e6e33dd24067a0d660e228e6311c6626/e6e33dd24067a0d660e228e6311c6626_subtask_Human3.json,343,10.0,3,Pick|Place|Close,l24_human3_0912.tar.gz,e6e33dd24067a0d660e228e6311c6626_subtask_Human3.json,e00e833ae714d304506a9da46c21aaee628d0400ff4504344deae48a59c88132
libero_10,turn_on_the_stove_and_put_the_moka_pot_on_it,1e3755806766f68bdefdd683923905ca,Human1,absorb,ok,annotations/libero_10/turn_on_the_stove_and_put_the_moka_pot_on_it/1e3755806766f68bdefdd683923905ca/1e3755806766f68bdefdd683923905ca_subtask_Human1.json,308,10.0,5,Grasp|Rotate|Grasp|Place|Move,libero_object_10_Human3 folder,1e3755806766f68bdefdd683923905ca_subtask_Human1.json,cfe61a31ae9329c296407ce0c34caa8e01c44cdd7800988d11596af27510577b
libero_10,turn_on_the_stove_and_put_the_moka_pot_on_it,1e3755806766f68bdefdd683923905ca,Human2,absorb,ok,annotations/libero_10/turn_on_the_stove_and_put_the_moka_pot_on_it/1e3755806766f68bdefdd683923905ca/1e3755806766f68bdefdd683923905ca_subtask_Human2.json,308,10.0,5,Grasp|Rotate|Release|Grasp|Place,l24_human2_0912.tar.gz,1e3755806766f68bdefdd683923905ca_subtask_Human2.json,3a211c8e81d4a83cacacd440999a65e9008e287f90f8a918f4ffba75a2847872
libero_10,turn_on_the_stove_and_put_the_moka_pot_on_it,1e3755806766f68bdefdd683923905ca,Human3,absorb,ok,annotations/libero_10/turn_on_the_stove_and_put_the_moka_pot_on_it/1e3755806766f68bdefdd683923905ca/1e3755806766f68bdefdd683923905ca_subtask_Human3.json,308,10.0,4,Grasp|Turn|Pick|Place,l24_human3_0912.tar.gz,1e3755806766f68bdefdd683923905ca_subtask_Human3.json,190756c316052dbe80fe288821c369222b6df03ee72bb802a8cfa3319aa53504
libero_10,turn_on_the_stove_and_put_the_moka_pot_on_it,3157fa8215d35be37996a7b6505f1733,Human1,absorb,ok,annotations/libero_10/turn_on_the_stove_and_put_the_moka_pot_on_it/3157fa8215d35be37996a7b6505f1733/3157fa8215d35be37996a7b6505f1733_subtask_Human1.json,255,10.0,4,Grasp|Rotate|Grasp|Place,libero_object_10_Human3 folder,3157fa8215d35be37996a7b6505f1733_subtask_Human1.json,60c429fa6c1d65bc94a09fc8e3bd39fbcc670e886f0d82e28bbd8894b3639bf9
libero_10,turn_on_the_stove_and_put_the_moka_pot_on_it,3157fa8215d35be37996a7b6505f1733,Human2,absorb,ok,annotations/libero_10/turn_on_the_stove_and_put_the_moka_pot_on_it/3157fa8215d35be37996a7b6505f1733/3157fa8215d35be37996a7b6505f1733_subtask_Human2.json,255,10.0,5,Reach|Rotate|Release|Grasp|Place,l24_human2_0912.tar.gz,3157fa8215d35be37996a7b6505f1733_subtask_Human2.json,f84a26903614be73cca70f988e625f4f311f2e8dd5665a985b3cd3741c848442
libero_10,turn_on_the_stove_and_put_the_moka_pot_on_it,3157fa8215d35be37996a7b6505f1733,Human3,absorb,ok,annotations/libero_10/turn_on_the_stove_and_put_the_moka_pot_on_it/3157fa8215d35be37996a7b6505f1733/3157fa8215d35be37996a7b6505f1733_subtask_Human3.json,255,10.0,4,Grasp|Turn|Pick|Place,l24_human3_0912.tar.gz,3157fa8215d35be37996a7b6505f1733_subtask_Human3.json,ec4454019bfc96a70ac91537b78b4259a75c1aa792cc2a19b6d2dd2a9f67a26c
libero_10,turn_on_the_stove_and_put_the_moka_pot_on_it,b24fe5969a0d37b2cbdd637ad59cc19d,Human1,absorb,ok,annotations/libero_10/turn_on_the_stove_and_put_the_moka_pot_on_it/b24fe5969a0d37b2cbdd637ad59cc19d/b24fe5969a0d37b2cbdd637ad59cc19d_subtask_Human1.json,290,10.0,4,Grasp|Rotate|Grasp|Place,libero_object_10_Human3 folder,b24fe5969a0d37b2cbdd637ad59cc19d_subtask_Human1.json,46d428729854ce385ce3f95ddcf87b5bacb26a248c5c7378e4d30b05bbd521fe
libero_10,turn_on_the_stove_and_put_the_moka_pot_on_it,b24fe5969a0d37b2cbdd637ad59cc19d,Human2,absorb,ok,annotations/libero_10/turn_on_the_stove_and_put_the_moka_pot_on_it/b24fe5969a0d37b2cbdd637ad59cc19d/b24fe5969a0d37b2cbdd637ad59cc19d_subtask_Human2.json,290,10.0,5,Reach|Rotate|Release|Grasp|Place,Human2 corrected resubmission 0912,b24fe5969a0d37b2cbdd637ad59cc19d_subtask_Human2.json,4d0af36b44330a83dacea61813f963eefe76c5ca92473f79cfa01c2d0e761772
libero_10,turn_on_the_stove_and_put_the_moka_pot_on_it,b24fe5969a0d37b2cbdd637ad59cc19d,Human3,absorb,ok,annotations/libero_10/turn_on_the_stove_and_put_the_moka_pot_on_it/b24fe5969a0d37b2cbdd637ad59cc19d/b24fe5969a0d37b2cbdd637ad59cc19d_subtask_Human3.json,290,10.0,4,Grasp|Turn|Pick|Place,l24_human3_0912.tar.gz,b24fe5969a0d37b2cbdd637ad59cc19d_subtask_Human3.json,82cfd57dd59b319b05737c6657937e10582865de070f1f717fd9ab9da4df8f2b
libero_object,pick_up_the_alphabet_soup_and_place_it_in_the_basket,398e4699f9e4519bc21544e7d50bab53,Human1,absorb,ok,annotations/libero_object/pick_up_the_alphabet_soup_and_place_it_in_the_basket/398e4699f9e4519bc21544e7d50bab53/398e4699f9e4519bc21544e7d50bab53_subtask_Human1.json,152,10.0,3,Grasp|Place|Move,l24_object_fine_0911.tar.gz,398e4699f9e4519bc21544e7d50bab53_subtask_Human1.json,164d805d47709b1a1cf7ddef26cfbf5f6609e939b9952549bb49c63a9b9d034a
libero_object,pick_up_the_alphabet_soup_and_place_it_in_the_basket,398e4699f9e4519bc21544e7d50bab53,Human1,fine,ok,annotations/libero_object/pick_up_the_alphabet_soup_and_place_it_in_the_basket/398e4699f9e4519bc21544e7d50bab53/398e4699f9e4519bc21544e7d50bab53_subtask_S_Human1.json,152,10.0,5,Move|Grasp|Move|Place|Move,l24_object_fine_0911.tar.gz,398e4699f9e4519bc21544e7d50bab53_subtask_S_Human1.json,a3cbdc07f3c0b7a035b99592a22b9f8161ed5ca77c5031c183052b9f68ead2f7
libero_object,pick_up_the_alphabet_soup_and_place_it_in_the_basket,398e4699f9e4519bc21544e7d50bab53,Human2,absorb,ok,annotations/libero_object/pick_up_the_alphabet_soup_and_place_it_in_the_basket/398e4699f9e4519bc21544e7d50bab53/398e4699f9e4519bc21544e7d50bab53_subtask_Human2.json,152,10.0,3,Grasp|Place|Release,l24_human2_0912.tar.gz,398e4699f9e4519bc21544e7d50bab53_subtask_Human2.json,49a0a8f74bb165f963f2c24366d1824c2d38e7093f35e7f7686ff192945b8947
libero_object,pick_up_the_alphabet_soup_and_place_it_in_the_basket,398e4699f9e4519bc21544e7d50bab53,Human2,fine,ok,annotations/libero_object/pick_up_the_alphabet_soup_and_place_it_in_the_basket/398e4699f9e4519bc21544e7d50bab53/398e4699f9e4519bc21544e7d50bab53_subtask_S_Human2.json,152,10.0,4,Move|Grasp|Place|Release,l24_human2_0912.tar.gz,398e4699f9e4519bc21544e7d50bab53_subtask_S_Human2.json,505b38eb647b1bbe6c056ff751efe130f11e774e0ac71d273535bfcacd602e1b
libero_object,pick_up_the_alphabet_soup_and_place_it_in_the_basket,398e4699f9e4519bc21544e7d50bab53,Human3,absorb,ok,annotations/libero_object/pick_up_the_alphabet_soup_and_place_it_in_the_basket/398e4699f9e4519bc21544e7d50bab53/398e4699f9e4519bc21544e7d50bab53_subtask_Human3.json,152,10.0,2,Pick|Put,l24_human3_0912.tar.gz,398e4699f9e4519bc21544e7d50bab53_subtask_Human3.json,4a7a1623089c93b5a726663a166ba03cd28438444e959c5bcdb156fcf0a0ed1d
libero_object,pick_up_the_alphabet_soup_and_place_it_in_the_basket,398e4699f9e4519bc21544e7d50bab53,Human3,fine,ok,annotations/libero_object/pick_up_the_alphabet_soup_and_place_it_in_the_basket/398e4699f9e4519bc21544e7d50bab53/398e4699f9e4519bc21544e7d50bab53_subtask_S_Human3.json,152,10.0,4,Move|Grasp|Move|Put,l24_human3_0912.tar.gz,398e4699f9e4519bc21544e7d50bab53_subtask_S_Human3.json,390830c517294a42bfdbb2bd000e8ccdc290420ac3add998794e61fb0948e7ff
libero_object,pick_up_the_alphabet_soup_and_place_it_in_the_basket,9574cf9f97e04f5d46124fe32ee6e219,Human1,absorb,ok,annotations/libero_object/pick_up_the_alphabet_soup_and_place_it_in_the_basket/9574cf9f97e04f5d46124fe32ee6e219/9574cf9f97e04f5d46124fe32ee6e219_subtask_Human1.json,149,10.0,3,Grasp|Place|Move,l24_object_fine_0911.tar.gz,9574cf9f97e04f5d46124fe32ee6e219_subtask_Human1.json,6763a147471de9fb7fb7611fb992603c26f431903f22c5b0a55275a3941ea8ae
libero_object,pick_up_the_alphabet_soup_and_place_it_in_the_basket,9574cf9f97e04f5d46124fe32ee6e219,Human1,fine,ok,annotations/libero_object/pick_up_the_alphabet_soup_and_place_it_in_the_basket/9574cf9f97e04f5d46124fe32ee6e219/9574cf9f97e04f5d46124fe32ee6e219_subtask_S_Human1.json,149,10.0,5,Move|Grasp|Move|Place|Move,l24_object_fine_0911.tar.gz,9574cf9f97e04f5d46124fe32ee6e219_subtask_S_Human1.json,9912718017668fad59760d6dd4e21a49a6599adb489e7fb57f056cb38e303bc2
libero_object,pick_up_the_alphabet_soup_and_place_it_in_the_basket,9574cf9f97e04f5d46124fe32ee6e219,Human2,absorb,ok,annotations/libero_object/pick_up_the_alphabet_soup_and_place_it_in_the_basket/9574cf9f97e04f5d46124fe32ee6e219/9574cf9f97e04f5d46124fe32ee6e219_subtask_Human2.json,149,10.0,3,Grasp|Place|Release,l24_human2_0912.tar.gz,9574cf9f97e04f5d46124fe32ee6e219_subtask_Human2.json,f533777ab86451ee202b5d1ca2dd5115703621006cb8876b62ecae6ecd664ab9
libero_object,pick_up_the_alphabet_soup_and_place_it_in_the_basket,9574cf9f97e04f5d46124fe32ee6e219,Human2,fine,ok,annotations/libero_object/pick_up_the_alphabet_soup_and_place_it_in_the_basket/9574cf9f97e04f5d46124fe32ee6e219/9574cf9f97e04f5d46124fe32ee6e219_subtask_S_Human2.json,149,10.0,4,Move|Grasp|Place|Move,l24_human2_0912.tar.gz,9574cf9f97e04f5d46124fe32ee6e219_subtask_S_Human2.json,6c9976e4ea67b3a9cf5e9084d8c6f93130a70de2e0a5f90a4b29739670f2eb34
libero_object,pick_up_the_alphabet_soup_and_place_it_in_the_basket,9574cf9f97e04f5d46124fe32ee6e219,Human3,absorb,ok,annotations/libero_object/pick_up_the_alphabet_soup_and_place_it_in_the_basket/9574cf9f97e04f5d46124fe32ee6e219/9574cf9f97e04f5d46124fe32ee6e219_subtask_Human3.json,149,10.0,2,Pick|Put,l24_human3_0912.tar.gz,9574cf9f97e04f5d46124fe32ee6e219_subtask_Human3.json,6d26d2c900c1e165bd5d4b293b03b460fdde82999c78fbb711e46b08d8603c93
libero_object,pick_up_the_alphabet_soup_and_place_it_in_the_basket,9574cf9f97e04f5d46124fe32ee6e219,Human3,fine,ok,annotations/libero_object/pick_up_the_alphabet_soup_and_place_it_in_the_basket/9574cf9f97e04f5d46124fe32ee6e219/9574cf9f97e04f5d46124fe32ee6e219_subtask_S_Human3.json,149,10.0,4,Move|Grasp|Move|Put,l24_human3_0912.tar.gz,9574cf9f97e04f5d46124fe32ee6e219_subtask_S_Human3.json,af046542022bc7b8c14244d1668fc3b4593fb37e518ce4982402e66af96ef205
libero_object,pick_up_the_alphabet_soup_and_place_it_in_the_basket,ef2061a76ac5262e07c624e73b4bb007,Human1,absorb,ok,annotations/libero_object/pick_up_the_alphabet_soup_and_place_it_in_the_basket/ef2061a76ac5262e07c624e73b4bb007/ef2061a76ac5262e07c624e73b4bb007_subtask_Human1.json,143,10.0,3,Grasp|Place|Move,l24_object_fine_0911.tar.gz,ef2061a76ac5262e07c624e73b4bb007_subtask_Human1.json,abd30ab3973e5ef6a3ee088c959768acc4d13d1b928a82aa2a55208929b67e81
libero_object,pick_up_the_alphabet_soup_and_place_it_in_the_basket,ef2061a76ac5262e07c624e73b4bb007,Human1,fine,ok,annotations/libero_object/pick_up_the_alphabet_soup_and_place_it_in_the_basket/ef2061a76ac5262e07c624e73b4bb007/ef2061a76ac5262e07c624e73b4bb007_subtask_S_Human1.json,143,10.0,5,Move|Grasp|Move|Place|Move,l24_object_fine_0911.tar.gz,ef2061a76ac5262e07c624e73b4bb007_subtask_S_Human1.json,d23eff96ab5751959d6f2d72a45a50fa0dde656037601b66b5a0aae80a3ddf74
libero_object,pick_up_the_alphabet_soup_and_place_it_in_the_basket,ef2061a76ac5262e07c624e73b4bb007,Human2,absorb,ok,annotations/libero_object/pick_up_the_alphabet_soup_and_place_it_in_the_basket/ef2061a76ac5262e07c624e73b4bb007/ef2061a76ac5262e07c624e73b4bb007_subtask_Human2.json,143,10.0,3,Grasp|Place|Release,l24_human2_0912.tar.gz,ef2061a76ac5262e07c624e73b4bb007_subtask_Human2.json,9289901d7a4e4d92a02226dd2029c4b265d014e83a988f75fc71e835deb4ce8f
libero_object,pick_up_the_alphabet_soup_and_place_it_in_the_basket,ef2061a76ac5262e07c624e73b4bb007,Human2,fine,ok,annotations/libero_object/pick_up_the_alphabet_soup_and_place_it_in_the_basket/ef2061a76ac5262e07c624e73b4bb007/ef2061a76ac5262e07c624e73b4bb007_subtask_S_Human2.json,143,10.0,4,Move|Grasp|Place|Release,l24_human2_0912.tar.gz,ef2061a76ac5262e07c624e73b4bb007_subtask_S_Human2.json,f3ae69a56d463149c066501987922684bc99fb34949f0db8702d20492e6ba679
libero_object,pick_up_the_alphabet_soup_and_place_it_in_the_basket,ef2061a76ac5262e07c624e73b4bb007,Human3,absorb,ok,annotations/libero_object/pick_up_the_alphabet_soup_and_place_it_in_the_basket/ef2061a76ac5262e07c624e73b4bb007/ef2061a76ac5262e07c624e73b4bb007_subtask_Human3.json,143,10.0,2,Pick|Put,l24_human3_0912.tar.gz,ef2061a76ac5262e07c624e73b4bb007_subtask_Human3.json,14604a9131b7c9503a3109bec8e6f736402b0a473bdc0a33139718f06589895a
libero_object,pick_up_the_alphabet_soup_and_place_it_in_the_basket,ef2061a76ac5262e07c624e73b4bb007,Human3,fine,ok,annotations/libero_object/pick_up_the_alphabet_soup_and_place_it_in_the_basket/ef2061a76ac5262e07c624e73b4bb007/ef2061a76ac5262e07c624e73b4bb007_subtask_S_Human3.json,143,10.0,4,Move|Grasp|Move|Put,l24_human3_0912.tar.gz,ef2061a76ac5262e07c624e73b4bb007_subtask_S_Human3.json,973d0a05697ebb446f666f2385a3e3543eba556c184ecaa6e3fcb89bbbd303bd
libero_object,pick_up_the_bbq_sauce_and_place_it_in_the_basket,5a1f0f3d2a1ceacba69cdfe9f607fc41,Human1,absorb,ok,annotations/libero_object/pick_up_the_bbq_sauce_and_place_it_in_the_basket/5a1f0f3d2a1ceacba69cdfe9f607fc41/5a1f0f3d2a1ceacba69cdfe9f607fc41_subtask_Human1.json,135,10.0,3,Grasp|Place|Move,l24_object_fine_0911.tar.gz,5a1f0f3d2a1ceacba69cdfe9f607fc41_subtask_Human1.json,8c39123c5898574aa734c2aa565715e0a91b2afcab057629ecfd59a0328732b7
libero_object,pick_up_the_bbq_sauce_and_place_it_in_the_basket,5a1f0f3d2a1ceacba69cdfe9f607fc41,Human1,fine,ok,annotations/libero_object/pick_up_the_bbq_sauce_and_place_it_in_the_basket/5a1f0f3d2a1ceacba69cdfe9f607fc41/5a1f0f3d2a1ceacba69cdfe9f607fc41_subtask_S_Human1.json,135,10.0,5,Move|Grasp|Move|Place|Move,l24_object_fine_0911.tar.gz,5a1f0f3d2a1ceacba69cdfe9f607fc41_subtask_S_Human1.json,39d25ce5aa36828986a1129721b93ea2851daca95eb8bb1297d81bc612433c4a
libero_object,pick_up_the_bbq_sauce_and_place_it_in_the_basket,5a1f0f3d2a1ceacba69cdfe9f607fc41,Human2,absorb,ok,annotations/libero_object/pick_up_the_bbq_sauce_and_place_it_in_the_basket/5a1f0f3d2a1ceacba69cdfe9f607fc41/5a1f0f3d2a1ceacba69cdfe9f607fc41_subtask_Human2.json,135,10.0,3,Grasp|Move|Place,l24_human2_0912.tar.gz,5a1f0f3d2a1ceacba69cdfe9f607fc41_subtask_Human2.json,6c5e164b21a0b4e1418d4818715d79508289014500e3c48d8323cfbe5cc84ca4
libero_object,pick_up_the_bbq_sauce_and_place_it_in_the_basket,5a1f0f3d2a1ceacba69cdfe9f607fc41,Human2,fine,ok,annotations/libero_object/pick_up_the_bbq_sauce_and_place_it_in_the_basket/5a1f0f3d2a1ceacba69cdfe9f607fc41/5a1f0f3d2a1ceacba69cdfe9f607fc41_subtask_S_Human2.json,135,10.0,4,Move|Grasp|Move|Release,l24_human2_0912.tar.gz,5a1f0f3d2a1ceacba69cdfe9f607fc41_subtask_S_Human2.json,3296c6f471bf96d3b8ba5857dbe9670e6785e3470b97458b430536f752f53b6f
libero_object,pick_up_the_bbq_sauce_and_place_it_in_the_basket,5a1f0f3d2a1ceacba69cdfe9f607fc41,Human3,absorb,ok,annotations/libero_object/pick_up_the_bbq_sauce_and_place_it_in_the_basket/5a1f0f3d2a1ceacba69cdfe9f607fc41/5a1f0f3d2a1ceacba69cdfe9f607fc41_subtask_Human3.json,135,10.0,2,Pick|Put,l24_human3_0912.tar.gz,5a1f0f3d2a1ceacba69cdfe9f607fc41_subtask_Human3.json,f50b139d3242fa398aa472ab24487a8d3a10132754fb7162fdaa2eba4569f8f6
libero_object,pick_up_the_bbq_sauce_and_place_it_in_the_basket,5a1f0f3d2a1ceacba69cdfe9f607fc41,Human3,fine,ok,annotations/libero_object/pick_up_the_bbq_sauce_and_place_it_in_the_basket/5a1f0f3d2a1ceacba69cdfe9f607fc41/5a1f0f3d2a1ceacba69cdfe9f607fc41_subtask_S_Human3.json,135,10.0,4,Move|Grasp|Move|Put,l24_human3_0912.tar.gz,5a1f0f3d2a1ceacba69cdfe9f607fc41_subtask_S_Human3.json,e8172051b3d59365dd8d3de13f065a0f8eef14ca37cbf52451cd74ace42d21d2
libero_object,pick_up_the_bbq_sauce_and_place_it_in_the_basket,76ac76f286917e62fbd35d9560e5587b,Human1,absorb,ok,annotations/libero_object/pick_up_the_bbq_sauce_and_place_it_in_the_basket/76ac76f286917e62fbd35d9560e5587b/76ac76f286917e62fbd35d9560e5587b_subtask_Human1.json,129,10.0,3,Grasp|Place|Move,l24_object_fine_0911.tar.gz,76ac76f286917e62fbd35d9560e5587b_subtask_Human1.json,6bf816ce554868ab05b37007c463a7c906dbb56d520d3dc6eb177e2cf2193aed
libero_object,pick_up_the_bbq_sauce_and_place_it_in_the_basket,76ac76f286917e62fbd35d9560e5587b,Human1,fine,ok,annotations/libero_object/pick_up_the_bbq_sauce_and_place_it_in_the_basket/76ac76f286917e62fbd35d9560e5587b/76ac76f286917e62fbd35d9560e5587b_subtask_S_Human1.json,129,10.0,5,Move|Grasp|Move|Place|Move,l24_object_fine_0911.tar.gz,76ac76f286917e62fbd35d9560e5587b_subtask_S_Human1.json,ff8200ad734a2a942f0e3e983a61c79e6c484f6c1dc8c77857f618bbc84da0a6
libero_object,pick_up_the_bbq_sauce_and_place_it_in_the_basket,76ac76f286917e62fbd35d9560e5587b,Human2,absorb,ok,annotations/libero_object/pick_up_the_bbq_sauce_and_place_it_in_the_basket/76ac76f286917e62fbd35d9560e5587b/76ac76f286917e62fbd35d9560e5587b_subtask_Human2.json,129,10.0,3,Grasp|Move|Place,l24_human2_0912.tar.gz,76ac76f286917e62fbd35d9560e5587b_subtask_Human2.json,b62f5112cf1214a9661d281afad9e837e7d54861cc8b457ef4a8ba20cef47b5e
libero_object,pick_up_the_bbq_sauce_and_place_it_in_the_basket,76ac76f286917e62fbd35d9560e5587b,Human2,fine,ok,annotations/libero_object/pick_up_the_bbq_sauce_and_place_it_in_the_basket/76ac76f286917e62fbd35d9560e5587b/76ac76f286917e62fbd35d9560e5587b_subtask_S_Human2.json,129,10.0,4,Move|Grasp|Move|Release,l24_human2_0912.tar.gz,76ac76f286917e62fbd35d9560e5587b_subtask_S_Human2.json,803a7e06457a4e3d6fbac661fd59c226d91067dbbf270f84aace0de7a23b981f
libero_object,pick_up_the_bbq_sauce_and_place_it_in_the_basket,76ac76f286917e62fbd35d9560e5587b,Human3,absorb,ok,annotations/libero_object/pick_up_the_bbq_sauce_and_place_it_in_the_basket/76ac76f286917e62fbd35d9560e5587b/76ac76f286917e62fbd35d9560e5587b_subtask_Human3.json,129,10.0,2,Pick|Put,l24_human3_0912.tar.gz,76ac76f286917e62fbd35d9560e5587b_subtask_Human3.json,b7dbaee22d2c43306581702adaa80318c35f9044006ae8cf06b768bd4c22bb29
libero_object,pick_up_the_bbq_sauce_and_place_it_in_the_basket,76ac76f286917e62fbd35d9560e5587b,Human3,fine,ok,annotations/libero_object/pick_up_the_bbq_sauce_and_place_it_in_the_basket/76ac76f286917e62fbd35d9560e5587b/76ac76f286917e62fbd35d9560e5587b_subtask_S_Human3.json,129,10.0,4,Move|Grasp|Move|Put,l24_human3_0912.tar.gz,76ac76f286917e62fbd35d9560e5587b_subtask_S_Human3.json,c8da9644eaa810dc432e3839313a62661c7b85b87e64c0ea97a85d4614a011ae
libero_object,pick_up_the_bbq_sauce_and_place_it_in_the_basket,a29b72f8f4a8b2e7b9b794751088d2ef,Human1,absorb,ok,annotations/libero_object/pick_up_the_bbq_sauce_and_place_it_in_the_basket/a29b72f8f4a8b2e7b9b794751088d2ef/a29b72f8f4a8b2e7b9b794751088d2ef_subtask_Human1.json,132,10.0,3,Grasp|Place|Move,l24_object_fine_0911.tar.gz,a29b72f8f4a8b2e7b9b794751088d2ef_subtask_Human1.json,693c8b7539f505a47aa0866e9147cc843d2e3c1167143a98ec8897c30d923f82
libero_object,pick_up_the_bbq_sauce_and_place_it_in_the_basket,a29b72f8f4a8b2e7b9b794751088d2ef,Human1,fine,ok,annotations/libero_object/pick_up_the_bbq_sauce_and_place_it_in_the_basket/a29b72f8f4a8b2e7b9b794751088d2ef/a29b72f8f4a8b2e7b9b794751088d2ef_subtask_S_Human1.json,132,10.0,5,Move|Grasp|Move|Place|Move,l24_object_fine_0911.tar.gz,a29b72f8f4a8b2e7b9b794751088d2ef_subtask_S_Human1.json,b82cd011b0cffb076ab99af00ab1d2088601e86bcd73c0d40bfe48309f9b5009
libero_object,pick_up_the_bbq_sauce_and_place_it_in_the_basket,a29b72f8f4a8b2e7b9b794751088d2ef,Human2,absorb,ok,annotations/libero_object/pick_up_the_bbq_sauce_and_place_it_in_the_basket/a29b72f8f4a8b2e7b9b794751088d2ef/a29b72f8f4a8b2e7b9b794751088d2ef_subtask_Human2.json,132,10.0,3,Grasp|Move|Place,l24_human2_0912.tar.gz,a29b72f8f4a8b2e7b9b794751088d2ef_subtask_Human2.json,390682ebc26caad66a96618f07c04648bed36ea9e30d5a5354c9640fd71241c7
libero_object,pick_up_the_bbq_sauce_and_place_it_in_the_basket,a29b72f8f4a8b2e7b9b794751088d2ef,Human2,fine,ok,annotations/libero_object/pick_up_the_bbq_sauce_and_place_it_in_the_basket/a29b72f8f4a8b2e7b9b794751088d2ef/a29b72f8f4a8b2e7b9b794751088d2ef_subtask_S_Human2.json,132,10.0,4,Move|Grasp|Move|Release,l24_human2_0912.tar.gz,a29b72f8f4a8b2e7b9b794751088d2ef_subtask_S_Human2.json,e1a50dd4615d91e0ae21bf64b39fe1d07686dd0b484595026adad22fa7eb5bd5
libero_object,pick_up_the_bbq_sauce_and_place_it_in_the_basket,a29b72f8f4a8b2e7b9b794751088d2ef,Human3,absorb,ok,annotations/libero_object/pick_up_the_bbq_sauce_and_place_it_in_the_basket/a29b72f8f4a8b2e7b9b794751088d2ef/a29b72f8f4a8b2e7b9b794751088d2ef_subtask_Human3.json,132,10.0,2,Pick|Put,l24_human3_0912.tar.gz,a29b72f8f4a8b2e7b9b794751088d2ef_subtask_Human3.json,87bcc6400b816a43720aa629b5727d65bf64c7cda348a00f264e5337652ec2b2
libero_object,pick_up_the_bbq_sauce_and_place_it_in_the_basket,a29b72f8f4a8b2e7b9b794751088d2ef,Human3,fine,ok,annotations/libero_object/pick_up_the_bbq_sauce_and_place_it_in_the_basket/a29b72f8f4a8b2e7b9b794751088d2ef/a29b72f8f4a8b2e7b9b794751088d2ef_subtask_S_Human3.json,132,10.0,4,Move|Grasp|Move|Put,l24_human3_0912.tar.gz,a29b72f8f4a8b2e7b9b794751088d2ef_subtask_S_Human3.json,b94edd9bb25f53a879c662f561cf025650b97e4c320c258d7f64d67bcadbbf9f
libero_object,pick_up_the_butter_and_place_it_in_the_basket,05f3652bbb9cf09dc8e88732f0e36775,Human1,absorb,ok,annotations/libero_object/pick_up_the_butter_and_place_it_in_the_basket/05f3652bbb9cf09dc8e88732f0e36775/05f3652bbb9cf09dc8e88732f0e36775_subtask_Human1.json,149,10.0,3,Grasp|Place|Move,l24_object_fine_0911.tar.gz,05f3652bbb9cf09dc8e88732f0e36775_subtask_Human1.json,d245bc40d7312e0b2514c10792d2a7be0bed2ea7682131b7e7c87b4599127d28
libero_object,pick_up_the_butter_and_place_it_in_the_basket,05f3652bbb9cf09dc8e88732f0e36775,Human1,fine,ok,annotations/libero_object/pick_up_the_butter_and_place_it_in_the_basket/05f3652bbb9cf09dc8e88732f0e36775/05f3652bbb9cf09dc8e88732f0e36775_subtask_S_Human1.json,149,10.0,5,Move|Grasp|Move|Place|Move,l24_object_fine_0911.tar.gz,05f3652bbb9cf09dc8e88732f0e36775_subtask_S_Human1.json,c4ee7501334039f2a9a250fcbdbc2f5c571695d7ee2514ee3485ca60b3b4941d
libero_object,pick_up_the_butter_and_place_it_in_the_basket,05f3652bbb9cf09dc8e88732f0e36775,Human2,absorb,ok,annotations/libero_object/pick_up_the_butter_and_place_it_in_the_basket/05f3652bbb9cf09dc8e88732f0e36775/05f3652bbb9cf09dc8e88732f0e36775_subtask_Human2.json,149,10.0,3,Grasp|Move|Release,l24_human2_0912.tar.gz,05f3652bbb9cf09dc8e88732f0e36775_subtask_Human2.json,1651175d952a9f6ae2dac6a8e245e65e8c01379a5466b192018df87c937768eb
libero_object,pick_up_the_butter_and_place_it_in_the_basket,05f3652bbb9cf09dc8e88732f0e36775,Human2,fine,ok,annotations/libero_object/pick_up_the_butter_and_place_it_in_the_basket/05f3652bbb9cf09dc8e88732f0e36775/05f3652bbb9cf09dc8e88732f0e36775_subtask_S_Human2.json,149,10.0,4,Move|Grasp|Move|Release,l24_human2_0912.tar.gz,05f3652bbb9cf09dc8e88732f0e36775_subtask_S_Human2.json,d1617a0e2f645b9fc90f9c1c3f8cdb33b00721f715d2be4d6a21967ebcb35ff8
libero_object,pick_up_the_butter_and_place_it_in_the_basket,05f3652bbb9cf09dc8e88732f0e36775,Human3,absorb,ok,annotations/libero_object/pick_up_the_butter_and_place_it_in_the_basket/05f3652bbb9cf09dc8e88732f0e36775/05f3652bbb9cf09dc8e88732f0e36775_subtask_Human3.json,149,10.0,2,Pick|Put,l24_human3_0912.tar.gz,05f3652bbb9cf09dc8e88732f0e36775_subtask_Human3.json,9f8610d6802a77d8680b4e300dcfb865a579e4a7d7aec434dfbe9de0022605ef
libero_object,pick_up_the_butter_and_place_it_in_the_basket,05f3652bbb9cf09dc8e88732f0e36775,Human3,fine,ok,annotations/libero_object/pick_up_the_butter_and_place_it_in_the_basket/05f3652bbb9cf09dc8e88732f0e36775/05f3652bbb9cf09dc8e88732f0e36775_subtask_S_Human3.json,149,10.0,4,Move|Grasp|Move|Put,l24_human3_0912.tar.gz,05f3652bbb9cf09dc8e88732f0e36775_subtask_S_Human3.json,10eee87689453e67bf5d3a241340fb2e0cf235407211bb0e709fc63381b62dff
libero_object,pick_up_the_butter_and_place_it_in_the_basket,3d7e8364d7e1f7aacbc9b8299ceb9daa,Human1,absorb,ok,annotations/libero_object/pick_up_the_butter_and_place_it_in_the_basket/3d7e8364d7e1f7aacbc9b8299ceb9daa/3d7e8364d7e1f7aacbc9b8299ceb9daa_subtask_Human1.json,154,10.0,3,Grasp|Place|Move,l24_object_fine_0911.tar.gz,3d7e8364d7e1f7aacbc9b8299ceb9daa_subtask_Human1.json,5b163a71ba6d88703f590e299527130fc6104dc864436e57927f9b8d8e85b70a
libero_object,pick_up_the_butter_and_place_it_in_the_basket,3d7e8364d7e1f7aacbc9b8299ceb9daa,Human1,fine,ok,annotations/libero_object/pick_up_the_butter_and_place_it_in_the_basket/3d7e8364d7e1f7aacbc9b8299ceb9daa/3d7e8364d7e1f7aacbc9b8299ceb9daa_subtask_S_Human1.json,154,10.0,5,Move|Grasp|Move|Place|Move,l24_object_fine_0911.tar.gz,3d7e8364d7e1f7aacbc9b8299ceb9daa_subtask_S_Human1.json,e879d503af0643c8d30bb3e31620faaa36bf61b6a42df256d6a4cbbfabadc398
libero_object,pick_up_the_butter_and_place_it_in_the_basket,3d7e8364d7e1f7aacbc9b8299ceb9daa,Human2,absorb,ok,annotations/libero_object/pick_up_the_butter_and_place_it_in_the_basket/3d7e8364d7e1f7aacbc9b8299ceb9daa/3d7e8364d7e1f7aacbc9b8299ceb9daa_subtask_Human2.json,154,10.0,3,Grasp|Move|Release,l24_human2_0912.tar.gz,3d7e8364d7e1f7aacbc9b8299ceb9daa_subtask_Human2.json,5b5c201093628caa4e2e918777ac05cd9a493e5939bb70ca831443f13b768082
libero_object,pick_up_the_butter_and_place_it_in_the_basket,3d7e8364d7e1f7aacbc9b8299ceb9daa,Human2,fine,ok,annotations/libero_object/pick_up_the_butter_and_place_it_in_the_basket/3d7e8364d7e1f7aacbc9b8299ceb9daa/3d7e8364d7e1f7aacbc9b8299ceb9daa_subtask_S_Human2.json,154,10.0,4,Move|Grasp|Move|Release,l24_human2_0912.tar.gz,3d7e8364d7e1f7aacbc9b8299ceb9daa_subtask_S_Human2.json,85a9ab853e05b7a4b5aa481d684489e2bcf2bc91ea264fdb279ef8b1a70e6586
libero_object,pick_up_the_butter_and_place_it_in_the_basket,3d7e8364d7e1f7aacbc9b8299ceb9daa,Human3,absorb,ok,annotations/libero_object/pick_up_the_butter_and_place_it_in_the_basket/3d7e8364d7e1f7aacbc9b8299ceb9daa/3d7e8364d7e1f7aacbc9b8299ceb9daa_subtask_Human3.json,154,10.0,2,Pick|Put,l24_human3_0912.tar.gz,3d7e8364d7e1f7aacbc9b8299ceb9daa_subtask_Human3.json,1240515b8d72ed221f9495a688df6a9916c2efb01b9377340581c14a79b4a5c0
libero_object,pick_up_the_butter_and_place_it_in_the_basket,3d7e8364d7e1f7aacbc9b8299ceb9daa,Human3,fine,ok,annotations/libero_object/pick_up_the_butter_and_place_it_in_the_basket/3d7e8364d7e1f7aacbc9b8299ceb9daa/3d7e8364d7e1f7aacbc9b8299ceb9daa_subtask_S_Human3.json,154,10.0,4,Move|Grasp|Move|Put,l24_human3_0912.tar.gz,3d7e8364d7e1f7aacbc9b8299ceb9daa_subtask_S_Human3.json,9f24b1c1521875b0bd4039e89c0cf568162c7bf25c690a1ba1eeef915ae447c5
libero_object,pick_up_the_butter_and_place_it_in_the_basket,d676c9a46165d27cc3bd1cb50fdb65e7,Human1,absorb,ok,annotations/libero_object/pick_up_the_butter_and_place_it_in_the_basket/d676c9a46165d27cc3bd1cb50fdb65e7/d676c9a46165d27cc3bd1cb50fdb65e7_subtask_Human1.json,151,10.0,3,Grasp|Place|Move,l24_object_fine_0911.tar.gz,d676c9a46165d27cc3bd1cb50fdb65e7_subtask_Human1.json,995a7091f31ed65a84dd5bb3deea6a05ea0f1f2ae9f5bbd0566f5ff152d72582
libero_object,pick_up_the_butter_and_place_it_in_the_basket,d676c9a46165d27cc3bd1cb50fdb65e7,Human1,fine,ok,annotations/libero_object/pick_up_the_butter_and_place_it_in_the_basket/d676c9a46165d27cc3bd1cb50fdb65e7/d676c9a46165d27cc3bd1cb50fdb65e7_subtask_S_Human1.json,151,10.0,5,Move|Grasp|Move|Place|Move,l24_object_fine_0911.tar.gz,d676c9a46165d27cc3bd1cb50fdb65e7_subtask_S_Human1.json,0a716832045f7c9e4cf99d940c828cc72d1d9e16cd491418684ba8a9db31641c
libero_object,pick_up_the_butter_and_place_it_in_the_basket,d676c9a46165d27cc3bd1cb50fdb65e7,Human2,absorb,ok,annotations/libero_object/pick_up_the_butter_and_place_it_in_the_basket/d676c9a46165d27cc3bd1cb50fdb65e7/d676c9a46165d27cc3bd1cb50fdb65e7_subtask_Human2.json,151,10.0,3,Grasp|Move|Release,l24_human2_0912.tar.gz,d676c9a46165d27cc3bd1cb50fdb65e7_subtask_Human2.json,48962955d564ebd38b7ef4f9c2a092f07b5ac9cecf41aef4b6739bc7362ea98c
libero_object,pick_up_the_butter_and_place_it_in_the_basket,d676c9a46165d27cc3bd1cb50fdb65e7,Human2,fine,ok,annotations/libero_object/pick_up_the_butter_and_place_it_in_the_basket/d676c9a46165d27cc3bd1cb50fdb65e7/d676c9a46165d27cc3bd1cb50fdb65e7_subtask_S_Human2.json,151,10.0,4,Move|Grasp|Move|Release,l24_human2_0912.tar.gz,d676c9a46165d27cc3bd1cb50fdb65e7_subtask_S_Human2.json,720aaefeba75bb2407df888745216bc867680c40e855a3cb590c179687ff3a94
libero_object,pick_up_the_butter_and_place_it_in_the_basket,d676c9a46165d27cc3bd1cb50fdb65e7,Human3,absorb,ok,annotations/libero_object/pick_up_the_butter_and_place_it_in_the_basket/d676c9a46165d27cc3bd1cb50fdb65e7/d676c9a46165d27cc3bd1cb50fdb65e7_subtask_Human3.json,151,10.0,2,Pick|Put,l24_human3_0912.tar.gz,d676c9a46165d27cc3bd1cb50fdb65e7_subtask_Human3.json,aa26f23de170686caa764c92927beab0b1dcd0ae28f9d6e5c6df4e66bbae9b58
libero_object,pick_up_the_butter_and_place_it_in_the_basket,d676c9a46165d27cc3bd1cb50fdb65e7,Human3,fine,ok,annotations/libero_object/pick_up_the_butter_and_place_it_in_the_basket/d676c9a46165d27cc3bd1cb50fdb65e7/d676c9a46165d27cc3bd1cb50fdb65e7_subtask_S_Human3.json,151,10.0,4,Move|Grasp|Move|Put,l24_human3_0912.tar.gz,d676c9a46165d27cc3bd1cb50fdb65e7_subtask_S_Human3.json,a42afa8a312ccbf06eb52acab70892b27c0945331b0b5b949a9b75aaf944bd1a
libero_object,pick_up_the_chocolate_pudding_and_place_it_in_the_basket,58eeeeabab75e55fa2db9a5c1aaf1e36,Human1,absorb,ok,annotations/libero_object/pick_up_the_chocolate_pudding_and_place_it_in_the_basket/58eeeeabab75e55fa2db9a5c1aaf1e36/58eeeeabab75e55fa2db9a5c1aaf1e36_subtask_Human1.json,159,10.0,3,Grasp|Place|Move,l24_object_fine_0911.tar.gz,58eeeeabab75e55fa2db9a5c1aaf1e36_subtask_Human1.json,756814093a357e33daa390b5b54f31bb455cdedbdc4b8979aefdcc8eecc0e19e
libero_object,pick_up_the_chocolate_pudding_and_place_it_in_the_basket,58eeeeabab75e55fa2db9a5c1aaf1e36,Human1,fine,ok,annotations/libero_object/pick_up_the_chocolate_pudding_and_place_it_in_the_basket/58eeeeabab75e55fa2db9a5c1aaf1e36/58eeeeabab75e55fa2db9a5c1aaf1e36_subtask_S_Human1.json,159,10.0,5,Move|Grasp|Move|Place|Move,l24_object_fine_0911.tar.gz,58eeeeabab75e55fa2db9a5c1aaf1e36_subtask_S_Human1.json,9b348ee266b376ea0e9b4039645d1d9caf5696539d70a5843a37771779a9df97
libero_object,pick_up_the_chocolate_pudding_and_place_it_in_the_basket,58eeeeabab75e55fa2db9a5c1aaf1e36,Human2,absorb,ok,annotations/libero_object/pick_up_the_chocolate_pudding_and_place_it_in_the_basket/58eeeeabab75e55fa2db9a5c1aaf1e36/58eeeeabab75e55fa2db9a5c1aaf1e36_subtask_Human2.json,159,10.0,3,Grasp|Move|Release,l24_human2_0912.tar.gz,58eeeeabab75e55fa2db9a5c1aaf1e36_subtask_Human2.json,65944ce89ad73c7b32bc2a969259a38f9174544b59dfdc26bcfa85d0f397d3b2
libero_object,pick_up_the_chocolate_pudding_and_place_it_in_the_basket,58eeeeabab75e55fa2db9a5c1aaf1e36,Human2,fine,ok,annotations/libero_object/pick_up_the_chocolate_pudding_and_place_it_in_the_basket/58eeeeabab75e55fa2db9a5c1aaf1e36/58eeeeabab75e55fa2db9a5c1aaf1e36_subtask_S_Human2.json,159,10.0,4,Move|Grasp|Move|Release,l24_human2_0912.tar.gz,58eeeeabab75e55fa2db9a5c1aaf1e36_subtask_S_Human2.json,d55d84123b2a9c8aa2cae2c77ffede4df1821e914011d22bfd0cd13a88516f83
libero_object,pick_up_the_chocolate_pudding_and_place_it_in_the_basket,58eeeeabab75e55fa2db9a5c1aaf1e36,Human3,absorb,ok,annotations/libero_object/pick_up_the_chocolate_pudding_and_place_it_in_the_basket/58eeeeabab75e55fa2db9a5c1aaf1e36/58eeeeabab75e55fa2db9a5c1aaf1e36_subtask_Human3.json,159,10.0,2,Pick|Put,l24_human3_0912.tar.gz,58eeeeabab75e55fa2db9a5c1aaf1e36_subtask_Human3.json,268fe71514dfe7f45d7c52084b942742c5061c710e8c8a7d545986358b0d48cc
libero_object,pick_up_the_chocolate_pudding_and_place_it_in_the_basket,58eeeeabab75e55fa2db9a5c1aaf1e36,Human3,fine,ok,annotations/libero_object/pick_up_the_chocolate_pudding_and_place_it_in_the_basket/58eeeeabab75e55fa2db9a5c1aaf1e36/58eeeeabab75e55fa2db9a5c1aaf1e36_subtask_S_Human3.json,159,10.0,4,Move|Grasp|carry|Put,l24_human3_0912.tar.gz,58eeeeabab75e55fa2db9a5c1aaf1e36_subtask_S_Human3.json,6f79d3d9bac70a60db4437faf2c3a45d9cdb1306d1d45e52649f149b0aaeced0
libero_object,pick_up_the_chocolate_pudding_and_place_it_in_the_basket,a15974726bfd5eeb046b1f1f16ee56c7,Human1,absorb,ok,annotations/libero_object/pick_up_the_chocolate_pudding_and_place_it_in_the_basket/a15974726bfd5eeb046b1f1f16ee56c7/a15974726bfd5eeb046b1f1f16ee56c7_subtask_Human1.json,148,10.0,3,Grasp|Place|Move,l24_object_fine_0911.tar.gz,a15974726bfd5eeb046b1f1f16ee56c7_subtask_Human1.json,457188075257d0d265331cc3b26b3b89134e8428cf0587b8a21da22fb20768d2
libero_object,pick_up_the_chocolate_pudding_and_place_it_in_the_basket,a15974726bfd5eeb046b1f1f16ee56c7,Human1,fine,ok,annotations/libero_object/pick_up_the_chocolate_pudding_and_place_it_in_the_basket/a15974726bfd5eeb046b1f1f16ee56c7/a15974726bfd5eeb046b1f1f16ee56c7_subtask_S_Human1.json,148,10.0,5,Move|Grasp|Move|Place|Move,l24_object_fine_0911.tar.gz,a15974726bfd5eeb046b1f1f16ee56c7_subtask_S_Human1.json,84fe735e4c1367698b392becff469add253c3106ec6b42accf92e6b4f7f0b461
libero_object,pick_up_the_chocolate_pudding_and_place_it_in_the_basket,a15974726bfd5eeb046b1f1f16ee56c7,Human2,absorb,ok,annotations/libero_object/pick_up_the_chocolate_pudding_and_place_it_in_the_basket/a15974726bfd5eeb046b1f1f16ee56c7/a15974726bfd5eeb046b1f1f16ee56c7_subtask_Human2.json,148,10.0,3,Grasp|Move|Release,l24_human2_0912.tar.gz,a15974726bfd5eeb046b1f1f16ee56c7_subtask_Human2.json,5758850220c9a2bb58229d1dfcffb802c2e953a62c98f063a78f744e10e8f4b8
libero_object,pick_up_the_chocolate_pudding_and_place_it_in_the_basket,a15974726bfd5eeb046b1f1f16ee56c7,Human2,fine,ok,annotations/libero_object/pick_up_the_chocolate_pudding_and_place_it_in_the_basket/a15974726bfd5eeb046b1f1f16ee56c7/a15974726bfd5eeb046b1f1f16ee56c7_subtask_S_Human2.json,148,10.0,4,Move|Grasp|Move|Release,l24_human2_0912.tar.gz,a15974726bfd5eeb046b1f1f16ee56c7_subtask_S_Human2.json,98463dbd1daf14d682b2a2b7f8e6df9763fd6c59ad785af0e67cb5c377ab32ec
libero_object,pick_up_the_chocolate_pudding_and_place_it_in_the_basket,a15974726bfd5eeb046b1f1f16ee56c7,Human3,absorb,ok,annotations/libero_object/pick_up_the_chocolate_pudding_and_place_it_in_the_basket/a15974726bfd5eeb046b1f1f16ee56c7/a15974726bfd5eeb046b1f1f16ee56c7_subtask_Human3.json,148,10.0,2,Pick|Put,l24_human3_0912.tar.gz,a15974726bfd5eeb046b1f1f16ee56c7_subtask_Human3.json,b1156f26902b5b15d1fe1ea05591ac4132edd6dcfd90b09ffad25ede58aa3855
libero_object,pick_up_the_chocolate_pudding_and_place_it_in_the_basket,a15974726bfd5eeb046b1f1f16ee56c7,Human3,fine,ok,annotations/libero_object/pick_up_the_chocolate_pudding_and_place_it_in_the_basket/a15974726bfd5eeb046b1f1f16ee56c7/a15974726bfd5eeb046b1f1f16ee56c7_subtask_S_Human3.json,148,10.0,4,Move|Grasp|Move|Put,l24_human3_0912.tar.gz,a15974726bfd5eeb046b1f1f16ee56c7_subtask_S_Human3.json,efd547388795fb71d2bd721acc1d9fe0056dd3c6eacabe302882fabe57eeb21a
libero_object,pick_up_the_chocolate_pudding_and_place_it_in_the_basket,f9a87d2f6d142841f4c2696137632938,Human1,absorb,ok,annotations/libero_object/pick_up_the_chocolate_pudding_and_place_it_in_the_basket/f9a87d2f6d142841f4c2696137632938/f9a87d2f6d142841f4c2696137632938_subtask_Human1.json,168,10.0,3,Grasp|Place|Move,l24_object_fine_0911.tar.gz,f9a87d2f6d142841f4c2696137632938_subtask_Human1.json,3874b19b65fbbd92c1684a4aedd4718a2d33670f2a0333dc29841931406e3c1e
libero_object,pick_up_the_chocolate_pudding_and_place_it_in_the_basket,f9a87d2f6d142841f4c2696137632938,Human1,fine,ok,annotations/libero_object/pick_up_the_chocolate_pudding_and_place_it_in_the_basket/f9a87d2f6d142841f4c2696137632938/f9a87d2f6d142841f4c2696137632938_subtask_S_Human1.json,168,10.0,5,Move|Grasp|Move|Place|Move,l24_object_fine_0911.tar.gz,f9a87d2f6d142841f4c2696137632938_subtask_S_Human1.json,955efa8a547b03029219baa722c1d23b9710dba0f38690cb9cb980f4705ebad0
libero_object,pick_up_the_chocolate_pudding_and_place_it_in_the_basket,f9a87d2f6d142841f4c2696137632938,Human2,absorb,ok,annotations/libero_object/pick_up_the_chocolate_pudding_and_place_it_in_the_basket/f9a87d2f6d142841f4c2696137632938/f9a87d2f6d142841f4c2696137632938_subtask_Human2.json,168,10.0,3,Grasp|Move|Release,l24_human2_0912.tar.gz,f9a87d2f6d142841f4c2696137632938_subtask_Human2.json,c373391f2a8b75752ff1c63f22eab780aeb8d293d12e1106b56c371a9e71b241
libero_object,pick_up_the_chocolate_pudding_and_place_it_in_the_basket,f9a87d2f6d142841f4c2696137632938,Human2,fine,ok,annotations/libero_object/pick_up_the_chocolate_pudding_and_place_it_in_the_basket/f9a87d2f6d142841f4c2696137632938/f9a87d2f6d142841f4c2696137632938_subtask_S_Human2.json,168,10.0,4,Move|Grasp|Move|Release,l24_human2_0912.tar.gz,f9a87d2f6d142841f4c2696137632938_subtask_S_Human2.json,558605f79331e589f2a5123a5af48b41a3fc3ac06b087d7c3bf8340e411c644e
libero_object,pick_up_the_chocolate_pudding_and_place_it_in_the_basket,f9a87d2f6d142841f4c2696137632938,Human3,absorb,ok,annotations/libero_object/pick_up_the_chocolate_pudding_and_place_it_in_the_basket/f9a87d2f6d142841f4c2696137632938/f9a87d2f6d142841f4c2696137632938_subtask_Human3.json,168,10.0,2,Pick|Put,l24_human3_0912.tar.gz,f9a87d2f6d142841f4c2696137632938_subtask_Human3.json,10a8605936dc214919f244c5163bab894609a072c300e7abb3f4be335668ac0f
libero_object,pick_up_the_chocolate_pudding_and_place_it_in_the_basket,f9a87d2f6d142841f4c2696137632938,Human3,fine,ok,annotations/libero_object/pick_up_the_chocolate_pudding_and_place_it_in_the_basket/f9a87d2f6d142841f4c2696137632938/f9a87d2f6d142841f4c2696137632938_subtask_S_Human3.json,168,10.0,4,Move|Grasp|carry|Put,l24_human3_0912.tar.gz,f9a87d2f6d142841f4c2696137632938_subtask_S_Human3.json,c8ae410d70bd9b89601e52d9f072ae04fde94a121a7054f52829f93b32e9bea0
libero_object,pick_up_the_cream_cheese_and_place_it_in_the_basket,058b705d3289ac54f0398a45eae5e3eb,Human1,absorb,ok,annotations/libero_object/pick_up_the_cream_cheese_and_place_it_in_the_basket/058b705d3289ac54f0398a45eae5e3eb/058b705d3289ac54f0398a45eae5e3eb_subtask_Human1.json,133,10.0,3,Grasp|Place|Move,l24_object_fine_0911.tar.gz,058b705d3289ac54f0398a45eae5e3eb_subtask_Human1.json,36e18f3c2b0341a95c11d6a7d48ec5a7af07a0885899d6098b2f20c84173190e
libero_object,pick_up_the_cream_cheese_and_place_it_in_the_basket,058b705d3289ac54f0398a45eae5e3eb,Human1,fine,ok,annotations/libero_object/pick_up_the_cream_cheese_and_place_it_in_the_basket/058b705d3289ac54f0398a45eae5e3eb/058b705d3289ac54f0398a45eae5e3eb_subtask_S_Human1.json,133,10.0,5,Move|Grasp|Move|Place|Move,l24_object_fine_0911.tar.gz,058b705d3289ac54f0398a45eae5e3eb_subtask_S_Human1.json,8618e3468f61794a3f17fe84964b3d5e1f326d348d16b16333ad26b3fb599b94
libero_object,pick_up_the_cream_cheese_and_place_it_in_the_basket,058b705d3289ac54f0398a45eae5e3eb,Human2,absorb,ok,annotations/libero_object/pick_up_the_cream_cheese_and_place_it_in_the_basket/058b705d3289ac54f0398a45eae5e3eb/058b705d3289ac54f0398a45eae5e3eb_subtask_Human2.json,133,10.0,3,Grasp|Move|Release,l24_human2_0912.tar.gz,058b705d3289ac54f0398a45eae5e3eb_subtask_Human2.json,fdeda8dc4bc4fad5779931d02fa50bb2970aa3f3fa270cb7681f0165bef84427
libero_object,pick_up_the_cream_cheese_and_place_it_in_the_basket,058b705d3289ac54f0398a45eae5e3eb,Human2,fine,ok,annotations/libero_object/pick_up_the_cream_cheese_and_place_it_in_the_basket/058b705d3289ac54f0398a45eae5e3eb/058b705d3289ac54f0398a45eae5e3eb_subtask_S_Human2.json,133,10.0,4,Move|Grasp|Move|Release,l24_human2_0912.tar.gz,058b705d3289ac54f0398a45eae5e3eb_subtask_S_Human2.json,5cc98a529fae1c9a74f04ba4087c74693c0080e6124b010c8915efa64678d024
libero_object,pick_up_the_cream_cheese_and_place_it_in_the_basket,058b705d3289ac54f0398a45eae5e3eb,Human3,absorb,ok,annotations/libero_object/pick_up_the_cream_cheese_and_place_it_in_the_basket/058b705d3289ac54f0398a45eae5e3eb/058b705d3289ac54f0398a45eae5e3eb_subtask_Human3.json,133,10.0,2,Pick|Put,l24_human3_0912.tar.gz,058b705d3289ac54f0398a45eae5e3eb_subtask_Human3.json,213fec50176ec45a5c4505d0d05138107b365499f5e6df61f887c5c3b43514a4
libero_object,pick_up_the_cream_cheese_and_place_it_in_the_basket,058b705d3289ac54f0398a45eae5e3eb,Human3,fine,ok,annotations/libero_object/pick_up_the_cream_cheese_and_place_it_in_the_basket/058b705d3289ac54f0398a45eae5e3eb/058b705d3289ac54f0398a45eae5e3eb_subtask_S_Human3.json,133,10.0,4,Move|Grasp|Move|Put,l24_human3_0912.tar.gz,058b705d3289ac54f0398a45eae5e3eb_subtask_S_Human3.json,f390c335abde5bd62404479d9763c0ee20beb337fc8b171f65a67929dfdca075
libero_object,pick_up_the_cream_cheese_and_place_it_in_the_basket,52e2fe5ff2eb24bdb53af4497b95a272,Human1,absorb,ok,annotations/libero_object/pick_up_the_cream_cheese_and_place_it_in_the_basket/52e2fe5ff2eb24bdb53af4497b95a272/52e2fe5ff2eb24bdb53af4497b95a272_subtask_Human1.json,138,10.0,3,Grasp|Place|Move,l24_object_fine_0911.tar.gz,52e2fe5ff2eb24bdb53af4497b95a272_subtask_Human1.json,a545d034758542aa70e78b5f0ce81d67def3e96b17004896d6648f4608409707
libero_object,pick_up_the_cream_cheese_and_place_it_in_the_basket,52e2fe5ff2eb24bdb53af4497b95a272,Human1,fine,ok,annotations/libero_object/pick_up_the_cream_cheese_and_place_it_in_the_basket/52e2fe5ff2eb24bdb53af4497b95a272/52e2fe5ff2eb24bdb53af4497b95a272_subtask_S_Human1.json,138,10.0,5,Move|Grasp|Move|Place|Move,l24_object_fine_0911.tar.gz,52e2fe5ff2eb24bdb53af4497b95a272_subtask_S_Human1.json,280a63f11fda1ca371042b3907332cb56757bd86d01b712c5943cbb0c501f746
libero_object,pick_up_the_cream_cheese_and_place_it_in_the_basket,52e2fe5ff2eb24bdb53af4497b95a272,Human2,absorb,ok,annotations/libero_object/pick_up_the_cream_cheese_and_place_it_in_the_basket/52e2fe5ff2eb24bdb53af4497b95a272/52e2fe5ff2eb24bdb53af4497b95a272_subtask_Human2.json,138,10.0,3,Grasp|Move|Release,l24_human2_0912.tar.gz,52e2fe5ff2eb24bdb53af4497b95a272_subtask_Human2.json,9572e1eb094b0830d93dfa9f64c97126de19799ec1a61c88a59c165eaa4fea16
libero_object,pick_up_the_cream_cheese_and_place_it_in_the_basket,52e2fe5ff2eb24bdb53af4497b95a272,Human2,fine,ok,annotations/libero_object/pick_up_the_cream_cheese_and_place_it_in_the_basket/52e2fe5ff2eb24bdb53af4497b95a272/52e2fe5ff2eb24bdb53af4497b95a272_subtask_S_Human2.json,138,10.0,4,Move|Grasp|Move|Release,l24_human2_0912.tar.gz,52e2fe5ff2eb24bdb53af4497b95a272_subtask_S_Human2.json,5ea47822853c03a84ecedfc7cee399d47ca56071eb7eb1d46c822d048c1d93ca
libero_object,pick_up_the_cream_cheese_and_place_it_in_the_basket,52e2fe5ff2eb24bdb53af4497b95a272,Human3,absorb,ok,annotations/libero_object/pick_up_the_cream_cheese_and_place_it_in_the_basket/52e2fe5ff2eb24bdb53af4497b95a272/52e2fe5ff2eb24bdb53af4497b95a272_subtask_Human3.json,138,10.0,2,Pick|Put,l24_human3_0912.tar.gz,52e2fe5ff2eb24bdb53af4497b95a272_subtask_Human3.json,9ae0171f1a027f582ebf7f89905971e2bf18a534dee088409ca0eb20c3fc01a5
libero_object,pick_up_the_cream_cheese_and_place_it_in_the_basket,52e2fe5ff2eb24bdb53af4497b95a272,Human3,fine,ok,annotations/libero_object/pick_up_the_cream_cheese_and_place_it_in_the_basket/52e2fe5ff2eb24bdb53af4497b95a272/52e2fe5ff2eb24bdb53af4497b95a272_subtask_S_Human3.json,138,10.0,4,Move|Grasp|Move|Put,l24_human3_0912.tar.gz,52e2fe5ff2eb24bdb53af4497b95a272_subtask_S_Human3.json,9a56f3949684df387996ce7c2e1bee6cf721b455345dcf09dc8aadf9431100a9
libero_object,pick_up_the_cream_cheese_and_place_it_in_the_basket,f19d040ada8ed070b5f6a74fccfdc2ed,Human1,absorb,ok,annotations/libero_object/pick_up_the_cream_cheese_and_place_it_in_the_basket/f19d040ada8ed070b5f6a74fccfdc2ed/f19d040ada8ed070b5f6a74fccfdc2ed_subtask_Human1.json,156,10.0,5,Grasp|Move|Grasp|Place|Move,l24_object_fine_0911.tar.gz,f19d040ada8ed070b5f6a74fccfdc2ed_subtask_Human1.json,da73fb25716b3b77fa5be527fdb3511534ce58d73a7bc88aa70e72cab6a8d9f6
libero_object,pick_up_the_cream_cheese_and_place_it_in_the_basket,f19d040ada8ed070b5f6a74fccfdc2ed,Human1,fine,ok,annotations/libero_object/pick_up_the_cream_cheese_and_place_it_in_the_basket/f19d040ada8ed070b5f6a74fccfdc2ed/f19d040ada8ed070b5f6a74fccfdc2ed_subtask_S_Human1.json,156,10.0,7,Move|Grasp|Move|Grasp|Move|Place|Move,l24_object_fine_0911.tar.gz,f19d040ada8ed070b5f6a74fccfdc2ed_subtask_S_Human1.json,9254b30cc0398a5f6391e0b006b7a4222b28cfa549f80d7959ee365693da606a
libero_object,pick_up_the_cream_cheese_and_place_it_in_the_basket,f19d040ada8ed070b5f6a74fccfdc2ed,Human2,absorb,ok,annotations/libero_object/pick_up_the_cream_cheese_and_place_it_in_the_basket/f19d040ada8ed070b5f6a74fccfdc2ed/f19d040ada8ed070b5f6a74fccfdc2ed_subtask_Human2.json,156,10.0,3,Grasp|Move|Release,l24_human2_0912.tar.gz,f19d040ada8ed070b5f6a74fccfdc2ed_subtask_Human2.json,198b5e538379389ecb6443d317f508bead47309d000011ea1c83e5811858eca1
libero_object,pick_up_the_cream_cheese_and_place_it_in_the_basket,f19d040ada8ed070b5f6a74fccfdc2ed,Human2,fine,ok,annotations/libero_object/pick_up_the_cream_cheese_and_place_it_in_the_basket/f19d040ada8ed070b5f6a74fccfdc2ed/f19d040ada8ed070b5f6a74fccfdc2ed_subtask_S_Human2.json,156,10.0,4,Move|Grasp|Move|Release,l24_human2_0912.tar.gz,f19d040ada8ed070b5f6a74fccfdc2ed_subtask_S_Human2.json,f50b5e0b9b5fad94e6ad130cc244696002a7d91cce88dd234198950d3a425ea8
libero_object,pick_up_the_cream_cheese_and_place_it_in_the_basket,f19d040ada8ed070b5f6a74fccfdc2ed,Human3,absorb,ok,annotations/libero_object/pick_up_the_cream_cheese_and_place_it_in_the_basket/f19d040ada8ed070b5f6a74fccfdc2ed/f19d040ada8ed070b5f6a74fccfdc2ed_subtask_Human3.json,156,10.0,3,Pick|Pick|Put,l24_human3_0912.tar.gz,f19d040ada8ed070b5f6a74fccfdc2ed_subtask_Human3.json,47520133896cfe75897877698d51201332a9118b5383a97c8ffd3e817c931b06
libero_object,pick_up_the_cream_cheese_and_place_it_in_the_basket,f19d040ada8ed070b5f6a74fccfdc2ed,Human3,fine,ok,annotations/libero_object/pick_up_the_cream_cheese_and_place_it_in_the_basket/f19d040ada8ed070b5f6a74fccfdc2ed/f19d040ada8ed070b5f6a74fccfdc2ed_subtask_S_Human3.json,156,10.0,7,Move|Grasp|Move|Move|Grasp|Move|Put,l24_human3_0912.tar.gz,f19d040ada8ed070b5f6a74fccfdc2ed_subtask_S_Human3.json,136ddd57a61ad292e24c6f85c9438936868f004b693e83c670aa9d829598a396
libero_object,pick_up_the_ketchup_and_place_it_in_the_basket,1f33bc7d79325c6312d46c1bfd42e119,Human1,absorb,ok,annotations/libero_object/pick_up_the_ketchup_and_place_it_in_the_basket/1f33bc7d79325c6312d46c1bfd42e119/1f33bc7d79325c6312d46c1bfd42e119_subtask_Human1.json,148,10.0,3,Grasp|Place|Move,l24_object_fine_0911.tar.gz,1f33bc7d79325c6312d46c1bfd42e119_subtask_Human1.json,304ae79a29cee3e49f6b4f4e1733b310d4330487fd91b31708562b639af8285e
libero_object,pick_up_the_ketchup_and_place_it_in_the_basket,1f33bc7d79325c6312d46c1bfd42e119,Human1,fine,ok,annotations/libero_object/pick_up_the_ketchup_and_place_it_in_the_basket/1f33bc7d79325c6312d46c1bfd42e119/1f33bc7d79325c6312d46c1bfd42e119_subtask_S_Human1.json,148,10.0,5,Move|Grasp|Move|Place|Move,l24_object_fine_0911.tar.gz,1f33bc7d79325c6312d46c1bfd42e119_subtask_S_Human1.json,83b1b0d0619211ea273b92005b5608125c9f388253c1807511161335827b538e
libero_object,pick_up_the_ketchup_and_place_it_in_the_basket,1f33bc7d79325c6312d46c1bfd42e119,Human2,absorb,ok,annotations/libero_object/pick_up_the_ketchup_and_place_it_in_the_basket/1f33bc7d79325c6312d46c1bfd42e119/1f33bc7d79325c6312d46c1bfd42e119_subtask_Human2.json,148,10.0,3,Grasp|Move|Release,l24_human2_0912.tar.gz,1f33bc7d79325c6312d46c1bfd42e119_subtask_Human2.json,c1714e91d471e7935ac02f5f6997a8e75e3c53b6c69550e6f9759e2127827505
libero_object,pick_up_the_ketchup_and_place_it_in_the_basket,1f33bc7d79325c6312d46c1bfd42e119,Human2,fine,ok,annotations/libero_object/pick_up_the_ketchup_and_place_it_in_the_basket/1f33bc7d79325c6312d46c1bfd42e119/1f33bc7d79325c6312d46c1bfd42e119_subtask_S_Human2.json,148,10.0,4,Move|Grasp|Move|Release,l24_human2_0912.tar.gz,1f33bc7d79325c6312d46c1bfd42e119_subtask_S_Human2.json,25361b9fbbeb8cf89e45cc829869fa16a002aca97ae1bb0702dc8d76b28f2e5a
libero_object,pick_up_the_ketchup_and_place_it_in_the_basket,1f33bc7d79325c6312d46c1bfd42e119,Human3,absorb,ok,annotations/libero_object/pick_up_the_ketchup_and_place_it_in_the_basket/1f33bc7d79325c6312d46c1bfd42e119/1f33bc7d79325c6312d46c1bfd42e119_subtask_Human3.json,148,10.0,2,Pick|Put,l24_human3_0912.tar.gz,1f33bc7d79325c6312d46c1bfd42e119_subtask_Human3.json,bf7b9dedc66cdb8fc3028d2626bf091743949fe33103c6ce8298211409100f18
libero_object,pick_up_the_ketchup_and_place_it_in_the_basket,1f33bc7d79325c6312d46c1bfd42e119,Human3,fine,ok,annotations/libero_object/pick_up_the_ketchup_and_place_it_in_the_basket/1f33bc7d79325c6312d46c1bfd42e119/1f33bc7d79325c6312d46c1bfd42e119_subtask_S_Human3.json,148,10.0,4,Move|Grasp|Move|Put,l24_human3_0912.tar.gz,1f33bc7d79325c6312d46c1bfd42e119_subtask_S_Human3.json,85709a32760d2d77ce831d5912861f73bb33df79c53e510b83cafb0f56d61b67
libero_object,pick_up_the_ketchup_and_place_it_in_the_basket,67a1de265cf31728603c2fe4ef4ad6a3,Human1,absorb,ok,annotations/libero_object/pick_up_the_ketchup_and_place_it_in_the_basket/67a1de265cf31728603c2fe4ef4ad6a3/67a1de265cf31728603c2fe4ef4ad6a3_subtask_Human1.json,194,10.0,3,Grasp|Place|Move,l24_object_fine_0911.tar.gz,67a1de265cf31728603c2fe4ef4ad6a3_subtask_Human1.json,b1430202ddc01565b33b3c1ba7d43f9368101cc916ffc9690a153f502ff4ac27
libero_object,pick_up_the_ketchup_and_place_it_in_the_basket,67a1de265cf31728603c2fe4ef4ad6a3,Human1,fine,ok,annotations/libero_object/pick_up_the_ketchup_and_place_it_in_the_basket/67a1de265cf31728603c2fe4ef4ad6a3/67a1de265cf31728603c2fe4ef4ad6a3_subtask_S_Human1.json,194,10.0,5,Move|Grasp|Move|Place|Move,l24_object_fine_0911.tar.gz,67a1de265cf31728603c2fe4ef4ad6a3_subtask_S_Human1.json,a3b4edce0577461d6c6975637d222e2a096d72178e23d131815dfe00434d4f0b
libero_object,pick_up_the_ketchup_and_place_it_in_the_basket,67a1de265cf31728603c2fe4ef4ad6a3,Human2,absorb,ok,annotations/libero_object/pick_up_the_ketchup_and_place_it_in_the_basket/67a1de265cf31728603c2fe4ef4ad6a3/67a1de265cf31728603c2fe4ef4ad6a3_subtask_Human2.json,194,10.0,3,Grasp|Move|Release,l24_human2_0912.tar.gz,67a1de265cf31728603c2fe4ef4ad6a3_subtask_Human2.json,ce1ba7f5c158c62847d73d3d4b8c0841e856cea9ff24d2c688139193e30092f6
libero_object,pick_up_the_ketchup_and_place_it_in_the_basket,67a1de265cf31728603c2fe4ef4ad6a3,Human2,fine,ok,annotations/libero_object/pick_up_the_ketchup_and_place_it_in_the_basket/67a1de265cf31728603c2fe4ef4ad6a3/67a1de265cf31728603c2fe4ef4ad6a3_subtask_S_Human2.json,194,10.0,4,Move|Grasp|Move|Release,l24_human2_0912.tar.gz,67a1de265cf31728603c2fe4ef4ad6a3_subtask_S_Human2.json,f0a040f181970c994791929a023abcd5ae38c59f07ace1930f786be1f14d64a5
libero_object,pick_up_the_ketchup_and_place_it_in_the_basket,67a1de265cf31728603c2fe4ef4ad6a3,Human3,absorb,ok,annotations/libero_object/pick_up_the_ketchup_and_place_it_in_the_basket/67a1de265cf31728603c2fe4ef4ad6a3/67a1de265cf31728603c2fe4ef4ad6a3_subtask_Human3.json,194,10.0,2,Pick|Put,l24_human3_0912.tar.gz,67a1de265cf31728603c2fe4ef4ad6a3_subtask_Human3.json,ad8f250d3f6695acca9c90585609c29b501f5272ac79c5851ba00a30b0443d17
libero_object,pick_up_the_ketchup_and_place_it_in_the_basket,67a1de265cf31728603c2fe4ef4ad6a3,Human3,fine,ok,annotations/libero_object/pick_up_the_ketchup_and_place_it_in_the_basket/67a1de265cf31728603c2fe4ef4ad6a3/67a1de265cf31728603c2fe4ef4ad6a3_subtask_S_Human3.json,194,10.0,4,Move|Grasp|Move|Put,l24_human3_0912.tar.gz,67a1de265cf31728603c2fe4ef4ad6a3_subtask_S_Human3.json,79ea0f723db7337c424ad4716c66989a50921bc7d4fbe714e8feab913767ced8
libero_object,pick_up_the_ketchup_and_place_it_in_the_basket,fd89eafe8a0e045fa8e665732459ec2f,Human1,absorb,ok,annotations/libero_object/pick_up_the_ketchup_and_place_it_in_the_basket/fd89eafe8a0e045fa8e665732459ec2f/fd89eafe8a0e045fa8e665732459ec2f_subtask_Human1.json,141,10.0,3,Grasp|Place|Move,l24_object_fine_0911.tar.gz,fd89eafe8a0e045fa8e665732459ec2f_subtask_Human1.json,901fa24098331e2d8f18901f015c4bf9869f876114ecd877f92744ca109334a3
libero_object,pick_up_the_ketchup_and_place_it_in_the_basket,fd89eafe8a0e045fa8e665732459ec2f,Human1,fine,ok,annotations/libero_object/pick_up_the_ketchup_and_place_it_in_the_basket/fd89eafe8a0e045fa8e665732459ec2f/fd89eafe8a0e045fa8e665732459ec2f_subtask_S_Human1.json,141,10.0,5,Move|Grasp|Move|Place|Move,l24_object_fine_0911.tar.gz,fd89eafe8a0e045fa8e665732459ec2f_subtask_S_Human1.json,f9e231a469c35e7ac8b41bd7e576c7ced62890b8986049f9eefce79d670dd0be
libero_object,pick_up_the_ketchup_and_place_it_in_the_basket,fd89eafe8a0e045fa8e665732459ec2f,Human2,absorb,ok,annotations/libero_object/pick_up_the_ketchup_and_place_it_in_the_basket/fd89eafe8a0e045fa8e665732459ec2f/fd89eafe8a0e045fa8e665732459ec2f_subtask_Human2.json,141,10.0,3,Grasp|Move|Release,l24_human2_0912.tar.gz,fd89eafe8a0e045fa8e665732459ec2f_subtask_Human2.json,c4f1aaf3ba62424256e0d52bcd1aa6dcd4c0fcdb3093115d4d08df7e63b0a97c
libero_object,pick_up_the_ketchup_and_place_it_in_the_basket,fd89eafe8a0e045fa8e665732459ec2f,Human2,fine,ok,annotations/libero_object/pick_up_the_ketchup_and_place_it_in_the_basket/fd89eafe8a0e045fa8e665732459ec2f/fd89eafe8a0e045fa8e665732459ec2f_subtask_S_Human2.json,141,10.0,4,Move|Grasp|Move|Release,l24_human2_0912.tar.gz,fd89eafe8a0e045fa8e665732459ec2f_subtask_S_Human2.json,911be469e1385baf117878f4da327180b34eadf83bedad5802e0b12c50468d8e
libero_object,pick_up_the_ketchup_and_place_it_in_the_basket,fd89eafe8a0e045fa8e665732459ec2f,Human3,absorb,ok,annotations/libero_object/pick_up_the_ketchup_and_place_it_in_the_basket/fd89eafe8a0e045fa8e665732459ec2f/fd89eafe8a0e045fa8e665732459ec2f_subtask_Human3.json,141,10.0,2,Pick|Put,l24_human3_0912.tar.gz,fd89eafe8a0e045fa8e665732459ec2f_subtask_Human3.json,7d6ec6d65aa185f45829bd276a9b5dd5a497f96e848e6159a9869240e4a10101
libero_object,pick_up_the_ketchup_and_place_it_in_the_basket,fd89eafe8a0e045fa8e665732459ec2f,Human3,fine,ok,annotations/libero_object/pick_up_the_ketchup_and_place_it_in_the_basket/fd89eafe8a0e045fa8e665732459ec2f/fd89eafe8a0e045fa8e665732459ec2f_subtask_S_Human3.json,141,10.0,4,Move|Grasp|Move|Put,l24_human3_0912.tar.gz,fd89eafe8a0e045fa8e665732459ec2f_subtask_S_Human3.json,9894e305528b81063cea7fed596f29afce10a31490f115ac97ad8f547d18c7bf
libero_object,pick_up_the_milk_and_place_it_in_the_basket,55ad0c6b5ce46e3afdbd0e962d7e7d46,Human1,absorb,ok,annotations/libero_object/pick_up_the_milk_and_place_it_in_the_basket/55ad0c6b5ce46e3afdbd0e962d7e7d46/55ad0c6b5ce46e3afdbd0e962d7e7d46_subtask_Human1.json,143,10.0,3,Grasp|Place|Move,l24_object_fine_0911.tar.gz,55ad0c6b5ce46e3afdbd0e962d7e7d46_subtask_Human1.json,2d193e4412064f6bbcd1fce8c79d3aba1d3ed04e6a419d07ddd47f94b315247e
libero_object,pick_up_the_milk_and_place_it_in_the_basket,55ad0c6b5ce46e3afdbd0e962d7e7d46,Human1,fine,ok,annotations/libero_object/pick_up_the_milk_and_place_it_in_the_basket/55ad0c6b5ce46e3afdbd0e962d7e7d46/55ad0c6b5ce46e3afdbd0e962d7e7d46_subtask_S_Human1.json,143,10.0,5,Move|Grasp|Move|Place|Move,l24_object_fine_0911.tar.gz,55ad0c6b5ce46e3afdbd0e962d7e7d46_subtask_S_Human1.json,feab1aaad3e36658681867e04ea45662f61520ba71e403aa44bf0eeeae2d70be
libero_object,pick_up_the_milk_and_place_it_in_the_basket,55ad0c6b5ce46e3afdbd0e962d7e7d46,Human2,absorb,ok,annotations/libero_object/pick_up_the_milk_and_place_it_in_the_basket/55ad0c6b5ce46e3afdbd0e962d7e7d46/55ad0c6b5ce46e3afdbd0e962d7e7d46_subtask_Human2.json,143,10.0,3,Grasp|Move|Release,l24_human2_0912.tar.gz,55ad0c6b5ce46e3afdbd0e962d7e7d46_subtask_Human2.json,9fe78a74dbea36dd707f294d959736f91a3286d324a9dc64daff48628877784d
libero_object,pick_up_the_milk_and_place_it_in_the_basket,55ad0c6b5ce46e3afdbd0e962d7e7d46,Human2,fine,ok,annotations/libero_object/pick_up_the_milk_and_place_it_in_the_basket/55ad0c6b5ce46e3afdbd0e962d7e7d46/55ad0c6b5ce46e3afdbd0e962d7e7d46_subtask_S_Human2.json,143,10.0,4,Move|Grasp|Move|Release,l24_human2_0912.tar.gz,55ad0c6b5ce46e3afdbd0e962d7e7d46_subtask_S_Human2.json,75a307794dafd99dca8767502f608ca6ac2aca160a376b849e2cd1dca5c889bf
libero_object,pick_up_the_milk_and_place_it_in_the_basket,55ad0c6b5ce46e3afdbd0e962d7e7d46,Human3,absorb,ok,annotations/libero_object/pick_up_the_milk_and_place_it_in_the_basket/55ad0c6b5ce46e3afdbd0e962d7e7d46/55ad0c6b5ce46e3afdbd0e962d7e7d46_subtask_Human3.json,143,10.0,2,Pick|Put,l24_human3_0912.tar.gz,55ad0c6b5ce46e3afdbd0e962d7e7d46_subtask_Human3.json,afd79415c446b3c39cbfa97af04fbe3e8a0c6c5abc32cd8730bea54ca56bfb87
libero_object,pick_up_the_milk_and_place_it_in_the_basket,55ad0c6b5ce46e3afdbd0e962d7e7d46,Human3,fine,ok,annotations/libero_object/pick_up_the_milk_and_place_it_in_the_basket/55ad0c6b5ce46e3afdbd0e962d7e7d46/55ad0c6b5ce46e3afdbd0e962d7e7d46_subtask_S_Human3.json,143,10.0,4,Move|Grasp|Move|Put,l24_human3_0912.tar.gz,55ad0c6b5ce46e3afdbd0e962d7e7d46_subtask_S_Human3.json,c3bdd05dc7453c343a3f0aab1208f464f019b68bf3599ab00fa35afa2a31a800
libero_object,pick_up_the_milk_and_place_it_in_the_basket,b82d3a31157729353cb82332c7832cfa,Human1,absorb,ok,annotations/libero_object/pick_up_the_milk_and_place_it_in_the_basket/b82d3a31157729353cb82332c7832cfa/b82d3a31157729353cb82332c7832cfa_subtask_Human1.json,126,10.0,3,Grasp|Place|Move,l24_object_fine_0911.tar.gz,b82d3a31157729353cb82332c7832cfa_subtask_Human1.json,e5f0c442697fa7db8718016a70c49276e863ed657f1b15471ea2fb1cbd639936
libero_object,pick_up_the_milk_and_place_it_in_the_basket,b82d3a31157729353cb82332c7832cfa,Human1,fine,ok,annotations/libero_object/pick_up_the_milk_and_place_it_in_the_basket/b82d3a31157729353cb82332c7832cfa/b82d3a31157729353cb82332c7832cfa_subtask_S_Human1.json,126,10.0,5,Move|Grasp|Move|Place|Move,l24_object_fine_0911.tar.gz,b82d3a31157729353cb82332c7832cfa_subtask_S_Human1.json,e20a777230236eb2ee30180b063f1e51cd9c8c67d3c5feeb17a5ce8db45d7d2d
libero_object,pick_up_the_milk_and_place_it_in_the_basket,b82d3a31157729353cb82332c7832cfa,Human2,absorb,ok,annotations/libero_object/pick_up_the_milk_and_place_it_in_the_basket/b82d3a31157729353cb82332c7832cfa/b82d3a31157729353cb82332c7832cfa_subtask_Human2.json,126,10.0,3,Grasp|Move|Release,l24_human2_0912.tar.gz,b82d3a31157729353cb82332c7832cfa_subtask_Human2.json,02958d91e57b8dc69dacb51acb99efa55ae785376d2ed61e0c2ede692d7bdf82
libero_object,pick_up_the_milk_and_place_it_in_the_basket,b82d3a31157729353cb82332c7832cfa,Human2,fine,ok,annotations/libero_object/pick_up_the_milk_and_place_it_in_the_basket/b82d3a31157729353cb82332c7832cfa/b82d3a31157729353cb82332c7832cfa_subtask_S_Human2.json,126,10.0,3,Move|Grasp|Move,l24_human2_0912.tar.gz,b82d3a31157729353cb82332c7832cfa_subtask_S_Human2.json,4dba0b96217ddf2f0c47b97d1a35a062cd68609920488ab992ed603db9cb85f5
libero_object,pick_up_the_milk_and_place_it_in_the_basket,b82d3a31157729353cb82332c7832cfa,Human3,absorb,ok,annotations/libero_object/pick_up_the_milk_and_place_it_in_the_basket/b82d3a31157729353cb82332c7832cfa/b82d3a31157729353cb82332c7832cfa_subtask_Human3.json,126,10.0,2,Pick|Put,l24_human3_0912.tar.gz,b82d3a31157729353cb82332c7832cfa_subtask_Human3.json,5a2b89923482365391d345c20f24ad125fa5a464d9e25828f0c73988409abe6d
libero_object,pick_up_the_milk_and_place_it_in_the_basket,b82d3a31157729353cb82332c7832cfa,Human3,fine,ok,annotations/libero_object/pick_up_the_milk_and_place_it_in_the_basket/b82d3a31157729353cb82332c7832cfa/b82d3a31157729353cb82332c7832cfa_subtask_S_Human3.json,126,10.0,4,Move|Grasp|Move|Put,l24_human3_0912.tar.gz,b82d3a31157729353cb82332c7832cfa_subtask_S_Human3.json,9e5265863ecd7f4246dbdbff8d0d369a2c40f3689be7f2c2ca72c27128c2b1e3
libero_object,pick_up_the_milk_and_place_it_in_the_basket,e0b354c044c0c7dec3d74544c1d88636,Human1,absorb,ok,annotations/libero_object/pick_up_the_milk_and_place_it_in_the_basket/e0b354c044c0c7dec3d74544c1d88636/e0b354c044c0c7dec3d74544c1d88636_subtask_Human1.json,139,10.0,2,Grasp|Place,l24_object_fine_0911.tar.gz,e0b354c044c0c7dec3d74544c1d88636_subtask_Human1.json,e864028a79563cbe42615fe829e974db5fc34a2bf20700cafb43967daedfba89
libero_object,pick_up_the_milk_and_place_it_in_the_basket,e0b354c044c0c7dec3d74544c1d88636,Human1,fine,ok,annotations/libero_object/pick_up_the_milk_and_place_it_in_the_basket/e0b354c044c0c7dec3d74544c1d88636/e0b354c044c0c7dec3d74544c1d88636_subtask_S_Human1.json,139,10.0,4,Move|Grasp|Move|Place,l24_object_fine_0911.tar.gz,e0b354c044c0c7dec3d74544c1d88636_subtask_S_Human1.json,56d3a770d0e950763d0c7fcf8d73a1ee648487277c3f75cab77602399c64eaad
libero_object,pick_up_the_milk_and_place_it_in_the_basket,e0b354c044c0c7dec3d74544c1d88636,Human2,absorb,ok,annotations/libero_object/pick_up_the_milk_and_place_it_in_the_basket/e0b354c044c0c7dec3d74544c1d88636/e0b354c044c0c7dec3d74544c1d88636_subtask_Human2.json,139,10.0,2,Grasp|Move,l24_human2_0912.tar.gz,e0b354c044c0c7dec3d74544c1d88636_subtask_Human2.json,d1468f9067f7b55995fe5fb3c8567cdaaeb4485d50b972ef7bff5e419d51f3bf
libero_object,pick_up_the_milk_and_place_it_in_the_basket,e0b354c044c0c7dec3d74544c1d88636,Human2,fine,ok,annotations/libero_object/pick_up_the_milk_and_place_it_in_the_basket/e0b354c044c0c7dec3d74544c1d88636/e0b354c044c0c7dec3d74544c1d88636_subtask_S_Human2.json,139,10.0,3,Move|Grasp|Move,l24_human2_0912.tar.gz,e0b354c044c0c7dec3d74544c1d88636_subtask_S_Human2.json,920778e63e4675a9fe70cf4f614a82fa0012f7846247640214ab7cea51268aaa
libero_object,pick_up_the_milk_and_place_it_in_the_basket,e0b354c044c0c7dec3d74544c1d88636,Human3,absorb,ok,annotations/libero_object/pick_up_the_milk_and_place_it_in_the_basket/e0b354c044c0c7dec3d74544c1d88636/e0b354c044c0c7dec3d74544c1d88636_subtask_Human3.json,139,10.0,2,Pick|Put,l24_human3_0912.tar.gz,e0b354c044c0c7dec3d74544c1d88636_subtask_Human3.json,3c2c8504e3dcf343cebdb5fd51ac1102c49fa0670b5e9a004dc1065ce796e9af
libero_object,pick_up_the_milk_and_place_it_in_the_basket,e0b354c044c0c7dec3d74544c1d88636,Human3,fine,ok,annotations/libero_object/pick_up_the_milk_and_place_it_in_the_basket/e0b354c044c0c7dec3d74544c1d88636/e0b354c044c0c7dec3d74544c1d88636_subtask_S_Human3.json,139,10.0,3,Move|Grasp|Put,l24_human3_0912.tar.gz,e0b354c044c0c7dec3d74544c1d88636_subtask_S_Human3.json,e31ff08de20731396c09cc88fd6ae040d88d14f5dee627d76ca04e95817e0b68
libero_object,pick_up_the_orange_juice_and_place_it_in_the_basket,29b669019cb0b8e89dd62c011100474e,Human1,absorb,ok,annotations/libero_object/pick_up_the_orange_juice_and_place_it_in_the_basket/29b669019cb0b8e89dd62c011100474e/29b669019cb0b8e89dd62c011100474e_subtask_Human1.json,131,10.0,3,Grasp|Place|Move,l24_object_fine_0911.tar.gz,29b669019cb0b8e89dd62c011100474e_subtask_Human1.json,8e35ac0fd1b904074a0c8204c54a961895c3b01dca1f0353a7f5aee3115d816e
libero_object,pick_up_the_orange_juice_and_place_it_in_the_basket,29b669019cb0b8e89dd62c011100474e,Human1,fine,ok,annotations/libero_object/pick_up_the_orange_juice_and_place_it_in_the_basket/29b669019cb0b8e89dd62c011100474e/29b669019cb0b8e89dd62c011100474e_subtask_S_Human1.json,131,10.0,5,Move|Grasp|Move|Place|Move,l24_object_fine_0911.tar.gz,29b669019cb0b8e89dd62c011100474e_subtask_S_Human1.json,72ad8419b1df3cce3e5d08a6ef71436d6c673a3ee8e47a099a815104ba4c7e5f
libero_object,pick_up_the_orange_juice_and_place_it_in_the_basket,29b669019cb0b8e89dd62c011100474e,Human2,absorb,ok,annotations/libero_object/pick_up_the_orange_juice_and_place_it_in_the_basket/29b669019cb0b8e89dd62c011100474e/29b669019cb0b8e89dd62c011100474e_subtask_Human2.json,131,10.0,3,Grasp|Move|Release,l24_human2_0912.tar.gz,29b669019cb0b8e89dd62c011100474e_subtask_Human2.json,09cab1ae83aefa6d23a70c053ee19bd50042622456d6adc3cba9f3cde08689aa
libero_object,pick_up_the_orange_juice_and_place_it_in_the_basket,29b669019cb0b8e89dd62c011100474e,Human2,fine,ok,annotations/libero_object/pick_up_the_orange_juice_and_place_it_in_the_basket/29b669019cb0b8e89dd62c011100474e/29b669019cb0b8e89dd62c011100474e_subtask_S_Human2.json,131,10.0,4,Move|Grasp|Move|Release,l24_human2_0912.tar.gz,29b669019cb0b8e89dd62c011100474e_subtask_S_Human2.json,0b5ea713ea2f5c93d76e640ff6f25c15295db86e06b0a6446c44805ecce07ab0
libero_object,pick_up_the_orange_juice_and_place_it_in_the_basket,29b669019cb0b8e89dd62c011100474e,Human3,absorb,ok,annotations/libero_object/pick_up_the_orange_juice_and_place_it_in_the_basket/29b669019cb0b8e89dd62c011100474e/29b669019cb0b8e89dd62c011100474e_subtask_Human3.json,131,10.0,2,Pick|Put,l24_human3_0912.tar.gz,29b669019cb0b8e89dd62c011100474e_subtask_Human3.json,3c3b4dba1272276641c326baace76d9e2e7df13edfa0856eb1eec327335ffd17
libero_object,pick_up_the_orange_juice_and_place_it_in_the_basket,29b669019cb0b8e89dd62c011100474e,Human3,fine,ok,annotations/libero_object/pick_up_the_orange_juice_and_place_it_in_the_basket/29b669019cb0b8e89dd62c011100474e/29b669019cb0b8e89dd62c011100474e_subtask_S_Human3.json,131,10.0,4,Move|Grasp|Move|Put,l24_human3_0912.tar.gz,29b669019cb0b8e89dd62c011100474e_subtask_S_Human3.json,7072fe61737727e8628264e465ed22dbb6c890771cc8de6e81b4bac40dacfcdf
libero_object,pick_up_the_orange_juice_and_place_it_in_the_basket,2e5bd20adce10c1b5eb8b23cfe5e0a50,Human1,absorb,ok,annotations/libero_object/pick_up_the_orange_juice_and_place_it_in_the_basket/2e5bd20adce10c1b5eb8b23cfe5e0a50/2e5bd20adce10c1b5eb8b23cfe5e0a50_subtask_Human1.json,121,10.0,2,Grasp|Place,l24_object_fine_0911.tar.gz,2e5bd20adce10c1b5eb8b23cfe5e0a50_subtask_Human1.json,09b29dfb2f13c643d1161e0a8c167741f5d3d1c859c95c862e94ea7335486cee
libero_object,pick_up_the_orange_juice_and_place_it_in_the_basket,2e5bd20adce10c1b5eb8b23cfe5e0a50,Human1,fine,ok,annotations/libero_object/pick_up_the_orange_juice_and_place_it_in_the_basket/2e5bd20adce10c1b5eb8b23cfe5e0a50/2e5bd20adce10c1b5eb8b23cfe5e0a50_subtask_S_Human1.json,121,10.0,4,Move|Grasp|Move|Place,l24_object_fine_0911.tar.gz,2e5bd20adce10c1b5eb8b23cfe5e0a50_subtask_S_Human1.json,c8d6d134a3f736c346ad8607cd5871af1c6c7763318226528608919e5025ce3d
libero_object,pick_up_the_orange_juice_and_place_it_in_the_basket,2e5bd20adce10c1b5eb8b23cfe5e0a50,Human2,absorb,ok,annotations/libero_object/pick_up_the_orange_juice_and_place_it_in_the_basket/2e5bd20adce10c1b5eb8b23cfe5e0a50/2e5bd20adce10c1b5eb8b23cfe5e0a50_subtask_Human2.json,121,10.0,2,Grasp|Move,l24_human2_0912.tar.gz,2e5bd20adce10c1b5eb8b23cfe5e0a50_subtask_Human2.json,22db9aa4bc92bdc7a5b3ee13b6a3142bb480c1d88283608b9e895b57cc117a8c
libero_object,pick_up_the_orange_juice_and_place_it_in_the_basket,2e5bd20adce10c1b5eb8b23cfe5e0a50,Human2,fine,ok,annotations/libero_object/pick_up_the_orange_juice_and_place_it_in_the_basket/2e5bd20adce10c1b5eb8b23cfe5e0a50/2e5bd20adce10c1b5eb8b23cfe5e0a50_subtask_S_Human2.json,121,10.0,3,Move|Grasp|Move,l24_human2_0912.tar.gz,2e5bd20adce10c1b5eb8b23cfe5e0a50_subtask_S_Human2.json,d9454b4aa6e10dde2548982a333a63ec3758cc9226a54a28ae2d2a072825c665
libero_object,pick_up_the_orange_juice_and_place_it_in_the_basket,2e5bd20adce10c1b5eb8b23cfe5e0a50,Human3,absorb,ok,annotations/libero_object/pick_up_the_orange_juice_and_place_it_in_the_basket/2e5bd20adce10c1b5eb8b23cfe5e0a50/2e5bd20adce10c1b5eb8b23cfe5e0a50_subtask_Human3.json,121,10.0,2,Pick|Put,l24_human3_0912.tar.gz,2e5bd20adce10c1b5eb8b23cfe5e0a50_subtask_Human3.json,d8e6643c3aebb5e5ce231e1ec25aee47acd8a59978254a4db711c91fb9af480b
libero_object,pick_up_the_orange_juice_and_place_it_in_the_basket,2e5bd20adce10c1b5eb8b23cfe5e0a50,Human3,fine,ok,annotations/libero_object/pick_up_the_orange_juice_and_place_it_in_the_basket/2e5bd20adce10c1b5eb8b23cfe5e0a50/2e5bd20adce10c1b5eb8b23cfe5e0a50_subtask_S_Human3.json,121,10.0,3,Move|Grasp|Move,l24_human3_0912.tar.gz,2e5bd20adce10c1b5eb8b23cfe5e0a50_subtask_S_Human3.json,b0ac6286e0babb3d7cf0c8712a30dfb08705c5b05da310bc28d17cf27dc6f576
libero_object,pick_up_the_orange_juice_and_place_it_in_the_basket,4267eb3d3d5cda5caeaa71480018ed63,Human1,absorb,ok,annotations/libero_object/pick_up_the_orange_juice_and_place_it_in_the_basket/4267eb3d3d5cda5caeaa71480018ed63/4267eb3d3d5cda5caeaa71480018ed63_subtask_Human1.json,129,10.0,3,Grasp|Place|Move,l24_object_fine_0911.tar.gz,4267eb3d3d5cda5caeaa71480018ed63_subtask_Human1.json,21d5fdcd60809900055d31f7cd400cc41410b6865b08d62535ce3d7cf1b3c435
libero_object,pick_up_the_orange_juice_and_place_it_in_the_basket,4267eb3d3d5cda5caeaa71480018ed63,Human1,fine,ok,annotations/libero_object/pick_up_the_orange_juice_and_place_it_in_the_basket/4267eb3d3d5cda5caeaa71480018ed63/4267eb3d3d5cda5caeaa71480018ed63_subtask_S_Human1.json,129,10.0,5,Move|Grasp|Move|Place|Move,l24_object_fine_0911.tar.gz,4267eb3d3d5cda5caeaa71480018ed63_subtask_S_Human1.json,e44a4c5f681cf1c2d666af3f32932e296c4a8bff5414cc2606b1945d5f6021ea
libero_object,pick_up_the_orange_juice_and_place_it_in_the_basket,4267eb3d3d5cda5caeaa71480018ed63,Human2,absorb,ok,annotations/libero_object/pick_up_the_orange_juice_and_place_it_in_the_basket/4267eb3d3d5cda5caeaa71480018ed63/4267eb3d3d5cda5caeaa71480018ed63_subtask_Human2.json,129,10.0,3,Grasp|Move|Release,l24_human2_0912.tar.gz,4267eb3d3d5cda5caeaa71480018ed63_subtask_Human2.json,9c188bb518a7a4749ccd85803863d109eed89e27d5d406dc359abce1eb9a1628
libero_object,pick_up_the_orange_juice_and_place_it_in_the_basket,4267eb3d3d5cda5caeaa71480018ed63,Human2,fine,ok,annotations/libero_object/pick_up_the_orange_juice_and_place_it_in_the_basket/4267eb3d3d5cda5caeaa71480018ed63/4267eb3d3d5cda5caeaa71480018ed63_subtask_S_Human2.json,129,10.0,4,Move|Grasp|Move|Release,l24_human2_0912.tar.gz,4267eb3d3d5cda5caeaa71480018ed63_subtask_S_Human2.json,bc6b655975258de9d0e1565077b799221cd797b68326637d211fd7845debd25e
libero_object,pick_up_the_orange_juice_and_place_it_in_the_basket,4267eb3d3d5cda5caeaa71480018ed63,Human3,absorb,ok,annotations/libero_object/pick_up_the_orange_juice_and_place_it_in_the_basket/4267eb3d3d5cda5caeaa71480018ed63/4267eb3d3d5cda5caeaa71480018ed63_subtask_Human3.json,129,10.0,2,Pick|Put,l24_human3_0912.tar.gz,4267eb3d3d5cda5caeaa71480018ed63_subtask_Human3.json,e2f518a8ae8667bb3a9a771152ddd9d384dfc70bcf48accbb7c4f5f9f93660b2
libero_object,pick_up_the_orange_juice_and_place_it_in_the_basket,4267eb3d3d5cda5caeaa71480018ed63,Human3,fine,ok,annotations/libero_object/pick_up_the_orange_juice_and_place_it_in_the_basket/4267eb3d3d5cda5caeaa71480018ed63/4267eb3d3d5cda5caeaa71480018ed63_subtask_S_Human3.json,129,10.0,4,Move|Grasp|Move|Put,l24_human3_0912.tar.gz,4267eb3d3d5cda5caeaa71480018ed63_subtask_S_Human3.json,2c2a8955e813a0d42100db984e13af9de683e9bc7072cf1541c77427f5fcbcf3
libero_object,pick_up_the_salad_dressing_and_place_it_in_the_basket,18f364ff09961511048e1c06f54425c5,Human1,absorb,ok,annotations/libero_object/pick_up_the_salad_dressing_and_place_it_in_the_basket/18f364ff09961511048e1c06f54425c5/18f364ff09961511048e1c06f54425c5_subtask_Human1.json,139,10.0,3,Grasp|Place|Move,l24_object_fine_0911.tar.gz,18f364ff09961511048e1c06f54425c5_subtask_Human1.json,7a53b41f3026c28baefb835eabe01b6566e1609e33d350704492a0bc7ada4a21
libero_object,pick_up_the_salad_dressing_and_place_it_in_the_basket,18f364ff09961511048e1c06f54425c5,Human1,fine,ok,annotations/libero_object/pick_up_the_salad_dressing_and_place_it_in_the_basket/18f364ff09961511048e1c06f54425c5/18f364ff09961511048e1c06f54425c5_subtask_S_Human1.json,139,10.0,5,Move|Grasp|Move|Place|Move,l24_object_fine_0911.tar.gz,18f364ff09961511048e1c06f54425c5_subtask_S_Human1.json,166610fb43dddfca5057c657d5e13dce8bd723c8e901beb024ee3d87574f75b9
libero_object,pick_up_the_salad_dressing_and_place_it_in_the_basket,18f364ff09961511048e1c06f54425c5,Human2,absorb,ok,annotations/libero_object/pick_up_the_salad_dressing_and_place_it_in_the_basket/18f364ff09961511048e1c06f54425c5/18f364ff09961511048e1c06f54425c5_subtask_Human2.json,139,10.0,3,Move|Grasp|Release,l24_human2_0912.tar.gz,18f364ff09961511048e1c06f54425c5_subtask_Human2.json,b61dfd0ce370d949a476f167e6688cb9c9518431f797bfcf3c60090e6c89656a
libero_object,pick_up_the_salad_dressing_and_place_it_in_the_basket,18f364ff09961511048e1c06f54425c5,Human2,fine,ok,annotations/libero_object/pick_up_the_salad_dressing_and_place_it_in_the_basket/18f364ff09961511048e1c06f54425c5/18f364ff09961511048e1c06f54425c5_subtask_S_Human2.json,139,10.0,4,Move|Grasp|Move|Release,l24_human2_0912.tar.gz,18f364ff09961511048e1c06f54425c5_subtask_S_Human2.json,5632ab06595cbe6b9d82c8ae7ac611254d99de622290ed61c6118df8af426e86
libero_object,pick_up_the_salad_dressing_and_place_it_in_the_basket,18f364ff09961511048e1c06f54425c5,Human3,absorb,ok,annotations/libero_object/pick_up_the_salad_dressing_and_place_it_in_the_basket/18f364ff09961511048e1c06f54425c5/18f364ff09961511048e1c06f54425c5_subtask_Human3.json,139,10.0,2,Pick|Put,l24_human3_0912.tar.gz,18f364ff09961511048e1c06f54425c5_subtask_Human3.json,04415cfd753a7d07ed5ed82ee12aff5c229f9a36e96fae58266c7445d2cacd9c
libero_object,pick_up_the_salad_dressing_and_place_it_in_the_basket,18f364ff09961511048e1c06f54425c5,Human3,fine,ok,annotations/libero_object/pick_up_the_salad_dressing_and_place_it_in_the_basket/18f364ff09961511048e1c06f54425c5/18f364ff09961511048e1c06f54425c5_subtask_S_Human3.json,139,10.0,4,Move|Grasp|Move|Put,l24_human3_0912.tar.gz,18f364ff09961511048e1c06f54425c5_subtask_S_Human3.json,28f2eca5fd58d2081983bca14b60706032063e24898a8de0195c53ae0c23a05a
libero_object,pick_up_the_salad_dressing_and_place_it_in_the_basket,9e8ed90845d9267bc2c5db371e19942f,Human1,absorb,ok,annotations/libero_object/pick_up_the_salad_dressing_and_place_it_in_the_basket/9e8ed90845d9267bc2c5db371e19942f/9e8ed90845d9267bc2c5db371e19942f_subtask_Human1.json,129,10.0,3,Grasp|Place|Move,l24_object_fine_0911.tar.gz,9e8ed90845d9267bc2c5db371e19942f_subtask_Human1.json,630162a9373fe9662beb1b1fc705d5a81c2aa7ac5f3248d0b677acfd6285a955
libero_object,pick_up_the_salad_dressing_and_place_it_in_the_basket,9e8ed90845d9267bc2c5db371e19942f,Human1,fine,ok,annotations/libero_object/pick_up_the_salad_dressing_and_place_it_in_the_basket/9e8ed90845d9267bc2c5db371e19942f/9e8ed90845d9267bc2c5db371e19942f_subtask_S_Human1.json,129,10.0,5,Move|Grasp|Move|Place|Move,l24_object_fine_0911.tar.gz,9e8ed90845d9267bc2c5db371e19942f_subtask_S_Human1.json,fab3e3ad8e7c8704c1b8c5690992c92a3918dcbeb19d11fb6a7f8c7d03862361
libero_object,pick_up_the_salad_dressing_and_place_it_in_the_basket,9e8ed90845d9267bc2c5db371e19942f,Human2,absorb,ok,annotations/libero_object/pick_up_the_salad_dressing_and_place_it_in_the_basket/9e8ed90845d9267bc2c5db371e19942f/9e8ed90845d9267bc2c5db371e19942f_subtask_Human2.json,129,10.0,3,Grasp|Move|Release,l24_human2_0912.tar.gz,9e8ed90845d9267bc2c5db371e19942f_subtask_Human2.json,7c73304ace7a6d9832f17c7febc1cf7f4e9061fcbd7f1565a3cdda5659ffdd3e
libero_object,pick_up_the_salad_dressing_and_place_it_in_the_basket,9e8ed90845d9267bc2c5db371e19942f,Human2,fine,ok,annotations/libero_object/pick_up_the_salad_dressing_and_place_it_in_the_basket/9e8ed90845d9267bc2c5db371e19942f/9e8ed90845d9267bc2c5db371e19942f_subtask_S_Human2.json,129,10.0,4,Move|Grasp|Move|Release,l24_human2_0912.tar.gz,9e8ed90845d9267bc2c5db371e19942f_subtask_S_Human2.json,9684ae3604e91947e87c85fd2b23a1d53bce15ff27a19caeba1f46e8de33e829
libero_object,pick_up_the_salad_dressing_and_place_it_in_the_basket,9e8ed90845d9267bc2c5db371e19942f,Human3,absorb,ok,annotations/libero_object/pick_up_the_salad_dressing_and_place_it_in_the_basket/9e8ed90845d9267bc2c5db371e19942f/9e8ed90845d9267bc2c5db371e19942f_subtask_Human3.json,129,10.0,2,Pick|Put,l24_human3_0912.tar.gz,9e8ed90845d9267bc2c5db371e19942f_subtask_Human3.json,5127528beb82c32602b685fa8c8b854811fbb0e1f97cc7a446242e2a0df53fca
libero_object,pick_up_the_salad_dressing_and_place_it_in_the_basket,9e8ed90845d9267bc2c5db371e19942f,Human3,fine,ok,annotations/libero_object/pick_up_the_salad_dressing_and_place_it_in_the_basket/9e8ed90845d9267bc2c5db371e19942f/9e8ed90845d9267bc2c5db371e19942f_subtask_S_Human3.json,129,10.0,4,Move|Grasp|Move|Put,l24_human3_0912.tar.gz,9e8ed90845d9267bc2c5db371e19942f_subtask_S_Human3.json,9f4921ba645773d8a5a9241f6dcdbdd8329b48d3474d8ee55f516a4cee5083cd
libero_object,pick_up_the_salad_dressing_and_place_it_in_the_basket,b286efa6e99a040807597eb2102448ad,Human1,absorb,ok,annotations/libero_object/pick_up_the_salad_dressing_and_place_it_in_the_basket/b286efa6e99a040807597eb2102448ad/b286efa6e99a040807597eb2102448ad_subtask_Human1.json,123,10.0,3,Grasp|Place|Move,l24_object_fine_0911.tar.gz,b286efa6e99a040807597eb2102448ad_subtask_Human1.json,eb827c429b8c6543c6f5f000ec283335f84ce964065dc6b2e95263f13955594b
libero_object,pick_up_the_salad_dressing_and_place_it_in_the_basket,b286efa6e99a040807597eb2102448ad,Human1,fine,ok,annotations/libero_object/pick_up_the_salad_dressing_and_place_it_in_the_basket/b286efa6e99a040807597eb2102448ad/b286efa6e99a040807597eb2102448ad_subtask_S_Human1.json,123,10.0,5,Move|Grasp|Move|Place|Move,l24_object_fine_0911.tar.gz,b286efa6e99a040807597eb2102448ad_subtask_S_Human1.json,324304ebb130356a6a758e1f1bf5234353eec3fca7642ded8656d0f51ddc6350
libero_object,pick_up_the_salad_dressing_and_place_it_in_the_basket,b286efa6e99a040807597eb2102448ad,Human2,absorb,ok,annotations/libero_object/pick_up_the_salad_dressing_and_place_it_in_the_basket/b286efa6e99a040807597eb2102448ad/b286efa6e99a040807597eb2102448ad_subtask_Human2.json,123,10.0,3,Move|Grasp|Release,l24_human2_0912.tar.gz,b286efa6e99a040807597eb2102448ad_subtask_Human2.json,67ae465a1320d864080363daddd9fe81204cb561ec2b8f15b82cf1510b9dd1d4
libero_object,pick_up_the_salad_dressing_and_place_it_in_the_basket,b286efa6e99a040807597eb2102448ad,Human2,fine,ok,annotations/libero_object/pick_up_the_salad_dressing_and_place_it_in_the_basket/b286efa6e99a040807597eb2102448ad/b286efa6e99a040807597eb2102448ad_subtask_S_Human2.json,123,10.0,4,Move|Grasp|Move|Release,l24_human2_0912.tar.gz,b286efa6e99a040807597eb2102448ad_subtask_S_Human2.json,a2522361dab83f8345c96809441985fa6649946b56220cef8dde6929b38b4008
libero_object,pick_up_the_salad_dressing_and_place_it_in_the_basket,b286efa6e99a040807597eb2102448ad,Human3,absorb,ok,annotations/libero_object/pick_up_the_salad_dressing_and_place_it_in_the_basket/b286efa6e99a040807597eb2102448ad/b286efa6e99a040807597eb2102448ad_subtask_Human3.json,123,10.0,2,Pick|Put,l24_human3_0912.tar.gz,b286efa6e99a040807597eb2102448ad_subtask_Human3.json,fa6717d6c0d37ca61f397c25315298aa3cb5510a638b598fe84aab4bb8a5980b
libero_object,pick_up_the_salad_dressing_and_place_it_in_the_basket,b286efa6e99a040807597eb2102448ad,Human3,fine,ok,annotations/libero_object/pick_up_the_salad_dressing_and_place_it_in_the_basket/b286efa6e99a040807597eb2102448ad/b286efa6e99a040807597eb2102448ad_subtask_S_Human3.json,123,10.0,4,Move|Grasp|Move|Put,l24_human3_0912.tar.gz,b286efa6e99a040807597eb2102448ad_subtask_S_Human3.json,cd47123e619477ca0a9d2cafa2543eca72a30ff7c5583f48811a97602a817189
libero_object,pick_up_the_tomato_sauce_and_place_it_in_the_basket,7470cca3f5edfd8514472d971418fda1,Human1,absorb,ok,annotations/libero_object/pick_up_the_tomato_sauce_and_place_it_in_the_basket/7470cca3f5edfd8514472d971418fda1/7470cca3f5edfd8514472d971418fda1_subtask_Human1.json,132,10.0,3,Grasp|Place|Move,l24_object_fine_0911.tar.gz,7470cca3f5edfd8514472d971418fda1_subtask_Human1.json,8dbe6c8e14243de1e67b09800f74946df46f080272d076737435a33c866b8d53
libero_object,pick_up_the_tomato_sauce_and_place_it_in_the_basket,7470cca3f5edfd8514472d971418fda1,Human1,fine,ok,annotations/libero_object/pick_up_the_tomato_sauce_and_place_it_in_the_basket/7470cca3f5edfd8514472d971418fda1/7470cca3f5edfd8514472d971418fda1_subtask_S_Human1.json,132,10.0,5,Move|Grasp|Move|Place|Move,l24_object_fine_0911.tar.gz,7470cca3f5edfd8514472d971418fda1_subtask_S_Human1.json,c250a430bda1ee8b7ce0dcc559c28f4405087322b74bb5939a2e8edf155d4a3b
libero_object,pick_up_the_tomato_sauce_and_place_it_in_the_basket,7470cca3f5edfd8514472d971418fda1,Human2,absorb,ok,annotations/libero_object/pick_up_the_tomato_sauce_and_place_it_in_the_basket/7470cca3f5edfd8514472d971418fda1/7470cca3f5edfd8514472d971418fda1_subtask_Human2.json,132,10.0,3,Grasp|Move|Release,l24_human2_0912.tar.gz,7470cca3f5edfd8514472d971418fda1_subtask_Human2.json,984ef1fc2f54ed5433c9a5824e2304fb0c5d8239ce15ee11a2eb1c0fb31839ce
libero_object,pick_up_the_tomato_sauce_and_place_it_in_the_basket,7470cca3f5edfd8514472d971418fda1,Human2,fine,ok,annotations/libero_object/pick_up_the_tomato_sauce_and_place_it_in_the_basket/7470cca3f5edfd8514472d971418fda1/7470cca3f5edfd8514472d971418fda1_subtask_S_Human2.json,132,10.0,4,Move|Grasp|Move|Release,l24_human2_0912.tar.gz,7470cca3f5edfd8514472d971418fda1_subtask_S_Human2.json,f3524421b276904235869a6537acea22d246c7a58d083ea869fc4fe3d7baf7a3
libero_object,pick_up_the_tomato_sauce_and_place_it_in_the_basket,7470cca3f5edfd8514472d971418fda1,Human3,absorb,ok,annotations/libero_object/pick_up_the_tomato_sauce_and_place_it_in_the_basket/7470cca3f5edfd8514472d971418fda1/7470cca3f5edfd8514472d971418fda1_subtask_Human3.json,132,10.0,2,Pick|Put,l24_human3_0912.tar.gz,7470cca3f5edfd8514472d971418fda1_subtask_Human3.json,1d9a3e83a196114f25556336d4987bc4f9e14ab9d5511b742db78abf726f7e34
libero_object,pick_up_the_tomato_sauce_and_place_it_in_the_basket,7470cca3f5edfd8514472d971418fda1,Human3,fine,ok,annotations/libero_object/pick_up_the_tomato_sauce_and_place_it_in_the_basket/7470cca3f5edfd8514472d971418fda1/7470cca3f5edfd8514472d971418fda1_subtask_S_Human3.json,132,10.0,4,Move|Grasp|Move|Put,l24_human3_0912.tar.gz,7470cca3f5edfd8514472d971418fda1_subtask_S_Human3.json,04a4b1902b300bd871709f461b283c6e95dac1d68e68842d930be9985e7286d8
libero_object,pick_up_the_tomato_sauce_and_place_it_in_the_basket,93a2790d0e15428ecc4b83583d81e2ed,Human1,absorb,ok,annotations/libero_object/pick_up_the_tomato_sauce_and_place_it_in_the_basket/93a2790d0e15428ecc4b83583d81e2ed/93a2790d0e15428ecc4b83583d81e2ed_subtask_Human1.json,136,10.0,3,Grasp|Place|Move,l24_object_fine_0911.tar.gz,93a2790d0e15428ecc4b83583d81e2ed_subtask_Human1.json,253bdd9d11b4e6992a2073fba0db4e5b48ed20fed8f4f99050203026cf7d9dda
libero_object,pick_up_the_tomato_sauce_and_place_it_in_the_basket,93a2790d0e15428ecc4b83583d81e2ed,Human1,fine,ok,annotations/libero_object/pick_up_the_tomato_sauce_and_place_it_in_the_basket/93a2790d0e15428ecc4b83583d81e2ed/93a2790d0e15428ecc4b83583d81e2ed_subtask_S_Human1.json,136,10.0,5,Move|Grasp|Move|Place|Move,l24_object_fine_0911.tar.gz,93a2790d0e15428ecc4b83583d81e2ed_subtask_S_Human1.json,303b5fcb436d13087a1cedfe026875b1d45d8c4fd53ccc9e34c6ecb74c36eafe
libero_object,pick_up_the_tomato_sauce_and_place_it_in_the_basket,93a2790d0e15428ecc4b83583d81e2ed,Human2,absorb,ok,annotations/libero_object/pick_up_the_tomato_sauce_and_place_it_in_the_basket/93a2790d0e15428ecc4b83583d81e2ed/93a2790d0e15428ecc4b83583d81e2ed_subtask_Human2.json,136,10.0,3,Grasp|Move|Release,l24_human2_0912.tar.gz,93a2790d0e15428ecc4b83583d81e2ed_subtask_Human2.json,fe279f982c9f43ae4770892ba818672fc93b111384a75408efa10f8c32648152
libero_object,pick_up_the_tomato_sauce_and_place_it_in_the_basket,93a2790d0e15428ecc4b83583d81e2ed,Human2,fine,ok,annotations/libero_object/pick_up_the_tomato_sauce_and_place_it_in_the_basket/93a2790d0e15428ecc4b83583d81e2ed/93a2790d0e15428ecc4b83583d81e2ed_subtask_S_Human2.json,136,10.0,4,Move|Grasp|Move|Release,l24_human2_0912.tar.gz,93a2790d0e15428ecc4b83583d81e2ed_subtask_S_Human2.json,d942b849c857c3ef63f29d68b6e69155678e6c792cda73ecd46db2e975b96fae
libero_object,pick_up_the_tomato_sauce_and_place_it_in_the_basket,93a2790d0e15428ecc4b83583d81e2ed,Human3,absorb,ok,annotations/libero_object/pick_up_the_tomato_sauce_and_place_it_in_the_basket/93a2790d0e15428ecc4b83583d81e2ed/93a2790d0e15428ecc4b83583d81e2ed_subtask_Human3.json,136,10.0,2,Pick|Put,l24_human3_0912.tar.gz,93a2790d0e15428ecc4b83583d81e2ed_subtask_Human3.json,b4137791344246b1279b931cb51ff09df5e474d18c974d8f0e21fc200585f02e
libero_object,pick_up_the_tomato_sauce_and_place_it_in_the_basket,93a2790d0e15428ecc4b83583d81e2ed,Human3,fine,ok,annotations/libero_object/pick_up_the_tomato_sauce_and_place_it_in_the_basket/93a2790d0e15428ecc4b83583d81e2ed/93a2790d0e15428ecc4b83583d81e2ed_subtask_S_Human3.json,136,10.0,4,Move|Grasp|Move|Put,l24_human3_0912.tar.gz,93a2790d0e15428ecc4b83583d81e2ed_subtask_S_Human3.json,f2a7b8d1d1359d8006fcaec944ba4a9da518f9c2f44b95251ace218f0e83143c
libero_object,pick_up_the_tomato_sauce_and_place_it_in_the_basket,f9c4e8d4d1612ce8a2bb584365d04077,Human1,absorb,ok,annotations/libero_object/pick_up_the_tomato_sauce_and_place_it_in_the_basket/f9c4e8d4d1612ce8a2bb584365d04077/f9c4e8d4d1612ce8a2bb584365d04077_subtask_Human1.json,145,10.0,3,Grasp|Place|Move,l24_object_fine_0911.tar.gz,f9c4e8d4d1612ce8a2bb584365d04077_subtask_Human1.json,492a2c7f48ec4135dc1d9285a5d4e09655b1b4aa4725d211306779d3d0fae6f0
libero_object,pick_up_the_tomato_sauce_and_place_it_in_the_basket,f9c4e8d4d1612ce8a2bb584365d04077,Human1,fine,ok,annotations/libero_object/pick_up_the_tomato_sauce_and_place_it_in_the_basket/f9c4e8d4d1612ce8a2bb584365d04077/f9c4e8d4d1612ce8a2bb584365d04077_subtask_S_Human1.json,145,10.0,5,Move|Grasp|Move|Place|Move,l24_object_fine_0911.tar.gz,f9c4e8d4d1612ce8a2bb584365d04077_subtask_S_Human1.json,d50b5ab91155e3b3878c82b702440b2c5cfb768bd29c2f1a899f409c94d11092
libero_object,pick_up_the_tomato_sauce_and_place_it_in_the_basket,f9c4e8d4d1612ce8a2bb584365d04077,Human2,absorb,ok,annotations/libero_object/pick_up_the_tomato_sauce_and_place_it_in_the_basket/f9c4e8d4d1612ce8a2bb584365d04077/f9c4e8d4d1612ce8a2bb584365d04077_subtask_Human2.json,145,10.0,3,Grasp|Move|Release,l24_human2_0912.tar.gz,f9c4e8d4d1612ce8a2bb584365d04077_subtask_Human2.json,be0bb5c15abefd098b69456ddac38c3294e2bfee59d124a25aa1bf62da55734f
libero_object,pick_up_the_tomato_sauce_and_place_it_in_the_basket,f9c4e8d4d1612ce8a2bb584365d04077,Human2,fine,ok,annotations/libero_object/pick_up_the_tomato_sauce_and_place_it_in_the_basket/f9c4e8d4d1612ce8a2bb584365d04077/f9c4e8d4d1612ce8a2bb584365d04077_subtask_S_Human2.json,145,10.0,4,Move|Grasp|Move|Release,l24_human2_0912.tar.gz,f9c4e8d4d1612ce8a2bb584365d04077_subtask_S_Human2.json,faa65be1d61ef1c0fe1a2dbc2fbd80ca0e7e0ebe8bd307a986560932d416ba99
libero_object,pick_up_the_tomato_sauce_and_place_it_in_the_basket,f9c4e8d4d1612ce8a2bb584365d04077,Human3,absorb,ok,annotations/libero_object/pick_up_the_tomato_sauce_and_place_it_in_the_basket/f9c4e8d4d1612ce8a2bb584365d04077/f9c4e8d4d1612ce8a2bb584365d04077_subtask_Human3.json,145,10.0,2,Pick|Put,l24_human3_0912.tar.gz,f9c4e8d4d1612ce8a2bb584365d04077_subtask_Human3.json,8fcc8aa94a1dbafec7e81206bb0f733e7a05df49b0c7fdd92afc792f0df54fb6
libero_object,pick_up_the_tomato_sauce_and_place_it_in_the_basket,f9c4e8d4d1612ce8a2bb584365d04077,Human3,fine,ok,annotations/libero_object/pick_up_the_tomato_sauce_and_place_it_in_the_basket/f9c4e8d4d1612ce8a2bb584365d04077/f9c4e8d4d1612ce8a2bb584365d04077_subtask_S_Human3.json,145,10.0,4,Move|Grasp|Move|Put,l24_human3_0912.tar.gz,f9c4e8d4d1612ce8a2bb584365d04077_subtask_S_Human3.json,30e4363ca4674ba4e29fa618d4bac70aa9f57153e25b06af57820652821ba5eb
